f1,f2,f3,label
-1.23937466,0.749101495,-0.528514909,1
-1.03607028,0.801436315,-1.283711517,1
-0.615579137,1.579520526,-1.391927056,1
1.335977573,1.348650615,1.433564255,0
0.867424935,1.425368606,0.611530712,0
-1.058578274,-0.09626274,-2.069355152,1
1.693284919,1.622875271,1.66429998,0
-1.606967841,0.006308398,-1.266079329,1
-0.773029956,1.896383857,-0.393510008,1
0.032042609,-0.090827,0.888521483,0
1.363773662,1.523356226,0.74105879,0
-0.865101028,0.894192056,-1.213603116,1
1.229834347,1.534386999,0.541359017,0
-0.671485025,1.850975942,-0.793510091,1
-2.789624027,-0.788719693,-0.285735822,1
-0.994342185,0.361999384,-1.445786165,1
0.066182566,0.178696215,0.401473075,0
2.284177565,3.016547384,1.058985813,0
0.68288149,1.9137641,0.491439041,0
-2.762511909,-0.488823053,0.907699893,1
1.235106036,0.979360902,1.23541111,0
-2.434260644,-1.120084381,0.270785109,1
-0.47013908,0.925348252,-2.155918883,1
-0.818234305,-0.760142412,0.417250657,0
-2.152669579,-1.066091667,-1.512067806,1
-1.421333491,-0.085036142,-1.52103747,1
-0.339961959,-0.234092261,0.253917605,0
-0.825348458,1.673318623,-1.434507021,1
-0.882126166,0.823229758,-1.329536246,1
1.723967756,1.448051915,1.002267548,0
-0.164061531,2.527447186,-1.364673086,1
-1.501777827,1.134187041,-0.415537379,1
-0.667028349,1.410833092,-0.973543977,1
-0.701566242,0.68932683,-1.595302994,1
2.233090968,2.420941534,2.016879082,0
1.956955059,2.255304824,1.751658876,0
-1.929614075,0.236195107,-0.199592162,1
-2.022588074,-0.066985658,-0.561528096,1
0.263310372,0.254946321,0.418275382,0
2.527289718,2.468731834,1.730710243,0
-1.880465093,-0.586101016,-1.14658568,1
-0.147896588,-0.60163673,0.728476028,0
2.444213818,1.848029962,1.829340064,0
-1.430886553,0.109217962,-1.440518285,1
1.976432888,0.980597769,1.895422046,0
-0.970248481,-1.388750516,-0.329364382,0
-1.025678088,-0.764889014,0.096775781,0
1.002610128,1.158122206,0.815211626,0
0.829106632,1.276537421,0.957202345,0
1.777016248,2.822313159,1.117908641,0
1.184382423,2.149592959,0.710003496,0
0.174195009,-0.021092909,0.915101215,0
2.353997347,2.315665547,1.346571466,0
0.841259739,0.99556376,0.651421728,0
0.307408106,0.038559006,1.164767435,0
-1.884124975,0.517572371,0.641202579,1
-0.57084255,1.405605879,-1.059386005,1
-0.304649673,0.187252351,-0.117511936,0
-0.98775782,0.124660345,-1.237418811,1
1.306139939,0.716967323,1.516836893,0
0.543047601,0.623750688,0.541449811,0
-2.487617129,-0.796594231,-0.318467693,1
0.081127774,0.31871387,0.851785992,0
-1.953493595,0.294483046,-0.016636503,1
-0.516351963,0.875340082,-2.175296872,1
2.077116015,2.128939687,1.447538956,0
1.32197954,0.955730186,1.315626394,0
-2.132017696,0.07425023,0.29865621,1
-1.235166492,1.274970591,-0.229181189,1
-0.038987967,0.119935538,0.451635146,0
0.135579853,-0.207515471,0.829460766,0
1.400414534,1.964012249,0.709673662,0
2.244438727,2.049433332,1.986166315,0
0.482473306,0.128024383,0.670474999,0
-0.874233537,0.867651885,-1.499190764,1
-1.106106801,-1.095822655,-0.153151428,0
-0.051231577,-0.34028307,0.669366881,0
-0.291533772,1.716763638,-1.461377819,1
0.941374451,0.573283776,1.351814282,0
-0.126055335,-1.200322597,1.200864383,0
-0.513390381,-0.235468416,-0.038808068,0
0.775064573,1.257182695,0.339083425,0
-2.814445899,-0.855411869,0.136702056,1
-0.790959503,0.8491904,-1.456887895,1
-0.967636932,0.962255213,-0.449126989,1
1.35657701,0.912629059,1.263389105,0
-0.626115406,1.255459238,-1.474945938,1
-1.55358907,0.761030761,-0.573822425,1
-1.543865316,0.062970289,-0.571495488,1
1.69091966,2.110931036,1.412407312,0
-2.180537507,-0.577338311,-0.674744134,1
-0.372365479,-0.966294618,0.394317638,0
-1.934616115,-0.233520794,-0.685901928,1
-1.419108258,0.245435953,-0.810945361,1
0.2332593,0.014871024,1.137540793,0
0.894131306,1.728935043,0.705175639,0
-1.023692417,1.534206987,-0.427244637,1
0.379736225,-0.024964243,0.798316656,0
-1.156698643,1.143306573,-0.146677535,1
-1.309884319,1.182625367,-0.841477992,1
1.659940193,0.655013278,1.777500605,0
-1.218735597,-0.686139497,-2.332478068,1
-1.504404066,0.719809098,-0.843432823,1
-0.051080352,1.835353586,-2.070341571,1
-0.317342541,1.682660014,-1.4530624,1
1.595169259,2.547923436,1.114642722,0
0.823582426,0.573307117,0.746134042,0
0.213582631,1.096134507,0.455574976,0
0.980242814,-0.13612369,1.343686352,0
-2.205092023,-0.362019059,-0.296691867,1
0.558237316,1.188278324,0.484233125,0
1.534193098,1.281085319,1.661791362,0
-1.329361447,-0.587527254,-2.044788943,1
-0.2005992,1.286668336,-2.400967805,1
1.3148531,1.387281422,1.216081181,0
1.386736971,1.206832569,1.16719255,0
-0.929178225,0.674376752,-1.540815305,1
-1.365735025,0.304312829,-1.230063584,1
-0.677637836,0.775546199,-1.571932368,1
-1.268706546,0.593160867,-0.963865414,1
2.317884803,1.619937034,2.0341022,0
0.025462004,0.165215498,0.268611299,0
0.132471932,-0.325116556,0.907553466,0
-0.162088941,2.261109682,-1.073698612,1
0.001093274,-0.371132387,0.488150475,0
-1.225640052,0.09163918,-1.468472238,1
0.245489144,0.939563,0.560919914,0
1.414017476,1.305619075,1.045195232,0
1.487922339,1.811411512,1.302100929,0
2.735783074,2.785299062,1.221951368,0
-0.83892457,0.832795597,-0.749753501,1
0.988334784,1.203121229,1.118061606,0
-1.656756337,-0.290813227,-0.713167723,1
0.147760338,-0.223905388,0.662470855,0
-0.418109023,1.603858645,-0.912327655,1
1.077886371,2.03853291,0.499132597,0
-0.55989558,1.612955104,-0.968478777,1
-1.388712239,0.737167574,-0.524685914,1
-1.591176463,-0.265770008,-1.392545433,1
0.50819211,2.520454511,-1.618560488,1
1.015109688,0.644084294,1.001644575,0
1.523518309,1.145232033,1.003695084,0
-2.066246292,1.028326961,0.431399053,1
1.594554245,1.860172186,1.336251802,0
1.128774458,1.472097231,0.75599255,0
1.867811064,2.706305701,0.682683794,0
-1.360306442,-0.529097905,-2.150077831,1
-0.899026207,0.743626736,-0.918714835,1
-0.594983716,2.037066658,-0.722237893,1
0.939118117,2.241199111,0.55108112,0
2.052272602,0.226038258,1.958456188,0
-2.679029276,-1.383056802,-0.552274873,1
3.171573628,2.786917632,2.35060035,0
0.594452325,0.72888627,0.822995685,0
-0.989283692,0.378049473,-1.798767029,1
0.167942292,2.329815543,-1.39588312,1
1.672369536,1.599761196,1.127358401,0
1.814782222,1.054696582,1.917637293,0
-0.847666672,1.433272997,-0.413279499,1
0.679520059,0.334960208,0.794900251,0
0.101383683,0.190845124,0.833582759,0
1.807765155,1.786685373,1.396005204,0
-2.140465074,-0.882459671,-1.015476205,1
-0.410820232,0.809867758,-1.936871123,1
-0.201887961,1.586446052,-1.357662029,1
0.357813154,1.739915476,-2.713237274,1
2.383425927,2.173713661,1.410971298,0
-1.849337832,-0.13588794,-0.560277113,1
1.122414708,1.651467301,0.787456121,0
-1.124988923,1.511624581,-0.389251164,1
-1.571984075,1.12413297,-0.10871031,1
0.600659044,1.197601967,0.826923115,0
-0.375461325,2.27526361,-0.656599316,1
0.62358289,0.674710853,0.847370052,0
2.14819331,1.895164175,1.840527638,0
0.816474066,1.405803834,0.407272154,0
-2.101436698,0.033786549,-0.703490614,1
0.269915902,0.324013616,0.539204654,0
-0.558023064,1.016711394,-2.084187902,1
-1.452320331,1.081799281,-0.146004666,1
-0.748005641,2.0302772,-1.206544321,1
0.574637798,1.864582895,-2.659434042,1
-1.463689332,-0.041815685,-1.273143564,1
-0.031617227,0.063688787,0.664753941,0
-1.864655192,0.351170523,-0.232483468,1
1.593529136,1.766432505,1.691690138,0
0.353236816,0.082658756,0.792693457,0
-0.383650062,0.996244656,-1.928058391,1
-0.895748917,1.354242628,-1.2827323,1
-2.218673808,0.295300648,0.206003256,1
1.336434316,1.877324608,0.909406411,0
-1.275136596,1.335049261,0.02217761,1
-0.499041437,0.376253278,0.126444535,0
-1.770553331,-0.13472075,-0.846245418,1
0.171082656,1.863054719,-2.255211874,1
0.426381472,0.91283053,0.35456839,0
-1.985939641,0.366662018,-0.051649862,1
-2.345243787,0.162623883,-0.097713919,1
0.43144358,-0.237018071,1.208174456,0
1.888041054,1.060329262,1.770542291,0
0.884804327,0.267844723,0.750528028,0
0.706921244,0.482854521,0.966590998,0
-1.399590797,1.340589522,0.377719863,1
0.037114159,-0.480514005,0.922645401,0
-2.584672104,0.73884534,1.055832911,1
-0.457984301,2.056148939,-0.591745418,1
-1.284523844,-0.083253543,-1.81427446,1
-0.62734884,1.526407029,-1.095448256,1
1.3563149,1.733533139,1.230458407,0
-1.07370576,0.732981993,-0.854042364,1
1.610432872,1.904735409,1.736162531,0
-1.862850407,0.325754518,-0.570066259,1
0.723318669,0.796243317,0.847909438,0
0.335858015,1.147643328,0.459673988,0
1.475084298,1.03445512,1.475621884,0
-0.513794494,-1.168730722,0.701592555,0
-0.744482566,1.232974259,-0.565058709,1
1.283368738,1.418908064,1.149876207,0
-0.945633937,0.608397848,-1.414350641,1
-0.365602607,1.375777491,-2.143281222,1
-1.364197792,0.325397701,-1.075312972,1
1.19508664,1.946832247,1.319668088,0
1.787746938,1.729008368,1.163716733,0
-1.040567801,0.651424223,-1.709014844,1
0.074943752,1.789826892,-1.667115805,1
-0.701172173,1.678397913,-0.994103066,1
0.678638151,1.842841264,0.162752081,0
0.332958968,0.405112528,0.295427025,0
-0.853241424,0.350644121,-1.287025041,1
1.137629861,0.774940174,1.189790743,0
-0.554319413,1.044749151,-1.66491154,1
1.625678351,1.964589235,1.207840374,1
0.273479452,1.934794204,-2.134013937,1
-0.847536724,1.514648001,-1.122730737,1
-1.123264746,1.369930471,-0.024922183,0
-0.380968691,1.449987825,-1.430713532,1
0.821034439,-0.524673316,1.660732299,0
0.335350601,-0.214816946,0.828796132,0
-1.246750755,0.85836247,-1.195803314,1
-0.581075284,1.14500029,-1.483422189,1
-1.345862165,1.045872361,-0.395150782,1
1.332157092,1.85980644,1.130812576,0
-1.452011391,0.194445678,-1.463687991,1
-1.04975686,-0.125640443,-2.029904365,1
3.49607086,3.573045287,2.198175193,0
-1.668042259,0.067543735,-0.659356829,1
1.262157026,0.333973453,1.287515888,0
-1.291073401,0.759484995,-0.470462715,1
1.348769856,1.26345796,1.342473658,0
-2.023133033,-0.40632439,0.183269907,1
-1.865618471,0.21291046,-0.282574134,1
2.042663148,2.222368832,1.541020831,0
0.717220965,0.793707798,0.965069794,0
-0.98931877,1.561645404,-0.898840198,1
-0.357177233,1.94651354,-1.12180504,1
0.484018646,-0.155908477,0.792247595,0
-0.842506971,1.204831649,-0.604428757,1
0.409174025,0.593215755,0.179710841,0
-0.162511327,-0.635785716,0.642221477,0
-1.63356887,0.562001607,-0.094518339,1
1.004500514,0.468090484,1.485350876,0
-1.234177904,-0.049377147,-1.52546101,1
0.428178294,2.057803187,-2.559366453,1
0.497145079,0.709951855,0.865153494,0
-2.085093829,0.482936213,0.149832877,1
-1.113294069,0.120493476,-1.716659148,1
0.293068328,1.047819202,-2.98887883,1
0.155477038,0.490673995,0.787545689,0
1.473885958,0.947272286,1.291021697,0
0.02585141,0.268630965,-0.049994644,0
1.622962119,1.934249952,1.32615755,0
0.705057278,3.583282051,-1.305293384,1
-1.180420788,0.652645219,-1.331860065,1
-2.021733774,-0.269224164,-0.682749991,1
1.657502124,1.819881269,1.805367882,0
-0.308107696,0.709630769,-2.535300369,1
-1.094512278,0.958231787,-0.966436852,1
-2.017200028,0.807850225,0.291087797,1
-1.330056287,1.039183878,-0.41546004,1
-1.305520466,0.763863192,-0.458273633,1
-1.884186914,0.570965103,0.130663466,1
2.82572531,3.22077142,1.940969966,0
1.294718814,1.052002634,0.91440329,0
2.408363388,2.961108325,1.67869442,0
-0.86117446,1.047049324,-0.320109867,1
0.673875144,1.271653979,0.383164107,0
-0.185268495,-0.233133485,0.355467583,0
-0.974986284,1.825197829,-0.456105203,1
0.840860899,0.244246609,1.245311114,0
-1.788415397,-0.550933532,-0.823030092,1
-1.82742295,-1.818538614,-0.560645077,0
1.200795322,1.274791262,0.644390443,0
-1.721554883,0.058381362,-0.712719852,1
-1.224092841,-0.070071788,-1.792312,1
-1.28474405,0.352474996,-1.644203666,1
2.013539007,1.674535293,1.374191362,0
1.132119974,0.769881756,1.040212182,0
-0.048255477,1.555333035,-2.336794617,1
0.807293759,0.137702698,0.910474385,0
1.003977665,0.531244944,1.328551963,0
2.183460506,3.243782844,0.651836329,0
1.593350202,1.558450508,1.449352871,0
-2.42392562,1.270041403,1.460418945,1
-0.428934021,-0.082095353,0.09836091,0
-0.191978018,1.3901457,-1.485170959,1
2.10622807,3.071280999,1.192349759,0
-0.590980606,1.417054764,-1.666841798,1
0.266606788,2.987838936,-1.353005064,1
-2.034316092,-0.294584416,-0.623755826,1
2.209868357,2.122644691,1.911921181,0
-0.411336062,-0.324152114,0.506856162,0
-0.792175628,1.799818538,-0.254255858,1
1.756743266,1.087219699,1.390559643,0
-0.874934162,0.940278662,-0.927963327,1
3.169085364,3.046402868,2.429040152,0
-0.687549047,-0.343604754,0.224006318,0
0.676751955,1.147974412,0.65628106,0
-0.890130675,1.315080723,-0.717320304,1
-0.212392697,-0.987260451,-0.012647378,0
-1.813250288,0.332637899,-0.765568255,1
2.100356198,3.51815314,0.984514045,0
-0.508877118,-0.0895531,0.197900552,0
1.907759144,1.476063105,1.402706351,0
-0.54565266,1.101334557,-2.276801271,1
2.15541896,2.820202274,0.78739926,0
-1.453283069,0.211742985,-1.435219721,1
1.686421127,1.807816655,1.301179109,0
-0.614311811,1.027837601,-1.594698302,1
1.432445666,1.952488112,0.973578875,0
-0.246410326,2.130115453,-1.071388579,1
-0.042714394,-0.874481032,1.198316899,0
2.092321696,2.047385056,1.751175976,0
1.945108591,2.453239686,1.857343645,0
1.828798986,1.848040066,1.598943681,0
-0.911328786,1.161053001,-0.592590022,1
-0.709377371,-0.841631365,-0.145755449,0
0.280856915,2.442599171,-1.552841948,1
1.771563804,2.232081212,0.658118497,0
-0.812793737,1.018619787,-1.366840813,1
-1.918173842,1.407502883,0.409727596,1
1.167831968,0.962430075,1.279779299,0
0.029985877,1.470746729,-2.571095148,1
0.359786403,0.410295962,1.22250176,0
-0.636329892,2.253993804,-0.810979709,1
-0.678273528,1.357643302,-1.025306708,1
-0.901725104,1.052605309,-0.841710486,1
-1.006431794,0.347494948,-1.136520224,1
2.11150496,2.144772376,1.831596647,0
-1.351258218,0.608700616,-1.044691699,1
-1.079075939,0.899051689,-1.060066978,1
0.435915739,3.227228239,-1.362029896,1
-0.504190862,2.165737334,-0.662197849,1
-2.471737759,-0.486155229,-0.065516289,1
1.082413612,0.85450258,1.129481933,0
-0.94685333,0.693398599,-1.052578567,1
-1.368766175,1.113783946,0.816498126,1
-0.385339427,2.16273828,-0.333450932,1
-1.467803646,-1.898077656,-0.133155946,0
1.214466483,1.356849553,1.212780977,0
-2.602101534,0.376342695,0.858753131,1
0.941948012,0.77321212,1.2162811,0
2.368036079,2.400261478,1.593567417,0
1.944585032,2.295814777,1.608699526,0
0.633197083,1.082254288,0.763377907,0
-2.471194545,-0.23590435,0.018182397,1
0.15693785,-0.650989711,1.015805136,0
3.04218362,2.419125709,2.262427038,0
-0.504833998,1.290874227,-2.200717973,1
1.436941453,1.385059675,1.226061493,0
-0.349753053,-1.942230869,1.00168019,0
0.458952394,-0.167807603,1.092828532,0
-0.988146314,0.207722127,-1.35050931,0
1.30545443,0.77354828,1.422666773,0
-1.612061292,0.351551668,-0.482105522,1
-0.88763506,0.483821797,-2.077759569,1
1.974013293,1.357514538,1.831947391,0
-0.901358298,1.198656162,-0.988666429,1
-0.36512272,1.101024942,-1.276840754,1
-0.826756854,1.747467164,-1.052776224,1
-0.000525831,-0.70845048,1.023686207,0
-2.161584224,-0.07824654,0.207409592,1
0.438716686,0.601885882,0.702561493,0
-0.503068698,1.207929815,-1.732302089,1
1.052349289,0.437161986,1.232555316,0
1.939997626,1.60664211,1.238589007,0
-0.483828877,0.910937046,-1.879406598,1
0.412483617,1.362719519,-0.111667306,0
0.089811393,-0.259168161,0.670772266,0
0.681186054,0.338505602,1.297777842,0
-0.242180051,-1.515017633,1.098548796,0
0.433261927,1.639871862,0.197058656,0
0.033865915,2.338337017,-0.811640295,1
-1.384684689,0.460047325,-0.400483725,1
-2.267960013,1.025624254,1.671738376,1
-1.783206958,0.182174635,-0.662390723,1
-0.563738596,0.981475821,-1.917965572,1
0.74916771,0.61146264,0.635810829,0
-1.69352481,-0.409152951,-1.245411226,1
0.564402416,1.041266655,0.8342583,0
-1.483072969,0.976585699,-0.34174332,1
-0.083645618,1.179324134,-2.568102207,1
1.904009753,2.236578694,1.651277227,0
0.008393939,-0.141532312,1.002508275,0
0.029213138,-0.367609831,0.463189389,0
-1.742799307,0.119848396,-1.103177363,1
1.525156883,2.066589823,0.836571979,0
-1.700133581,0.71344341,0.254260832,1
-1.170313677,0.631414643,-1.049974129,1
-1.957291135,0.85810262,0.299004803,1
-2.053765741,0.866961043,0.552969947,1
-1.016490029,0.752812407,-1.446469773,1
-0.592689781,1.086481649,-1.585008619,1
2.80579312,3.300768382,1.974729016,0
-1.777129553,0.584298944,0.49239893,1
-0.617183502,-0.532299437,0.251270223,0
-2.325138839,0.264385197,-0.11308373,1
1.071756592,0.575216025,0.740328343,0
2.200852957,2.305394778,1.623706496,0
-1.018199902,-0.245781185,-1.253700714,1
-0.292021055,1.492396442,-1.102305609,1
0.742779543,0.868565858,0.962630497,0
-0.609324967,1.269914882,-1.419230202,1
0.62768465,1.950050981,-2.105432886,1
1.139414646,0.894619008,1.099561944,0
-1.230583373,1.012064404,-0.73083993,1
0.995641794,0.825840885,1.12225673,0
-0.889402908,-1.686051982,0.186250645,0
0.68568886,0.060917634,1.015780859,0
-0.047135933,1.348833079,-2.204476061,1
-1.859638853,0.625656196,0.255672834,1
1.510027187,2.66022742,0.831707768,0
-1.990538998,-0.726132627,-0.650811318,1
0.843179445,2.057739987,-2.574995106,1
1.401499829,0.544305041,1.964278864,0
-0.700613934,0.812392821,-1.816675145,1
-0.297026164,0.451533755,-3.204170547,1
0.218163789,0.327796307,0.761377811,0
0.864879799,0.877072996,0.677141142,0
0.739021586,0.858296909,0.660590671,0
0.040831578,0.12871948,0.217319251,0
2.028742077,2.240328792,1.45547302,0
-0.999594535,1.189994229,-0.964932405,1
0.227947086,-0.567644475,0.896890186,0
-2.220460196,-0.406536295,-0.554726014,1
1.339523769,1.170471377,1.151422502,0
1.117268938,0.014312277,1.212083477,0
0.507882202,0.404143252,0.740485464,0
-1.639031831,0.717860094,-0.566546097,1
-0.606180023,0.630530941,-1.978391044,1
-1.544328888,1.063351193,-0.496519513,1
2.664534348,2.36400745,1.786104782,0
-1.231740982,1.138638332,0.313639434,1
-1.865290117,-0.395995214,-0.821580572,1
0.122808502,1.808873518,-2.214503621,1
2.296448935,3.114655281,1.145705936,0
1.059429266,1.133329236,1.008581836,0
-0.103224248,0.238876971,0.014533848,0
1.537144638,1.593376224,1.082380838,0
-2.384792962,-0.209795654,0.744639909,1
2.253550849,3.268430733,1.412649336,0
-0.774985015,1.423814998,-0.348981698,1
-1.370957834,1.028723081,-0.019901628,1
0.640381662,0.891958691,0.783075866,0
-2.671131324,-2.411506926,-1.803731693,1
-0.219870564,1.312879505,-1.831839711,1
-0.834532858,0.409735372,-1.893615513,1
2.62812693,2.921142996,1.447567471,0
-1.435688605,0.788706842,-0.741723791,1
1.118561999,1.042534466,1.222173334,0
2.400393053,2.111629463,1.743830379,0
2.140506373,2.413154305,1.065174201,0
0.351900855,-0.588250552,0.775269902,0
1.141417034,1.009461443,1.419554287,0
0.163758034,0.984179271,0.175122914,0
-0.620047552,-1.750857872,0.44994342,0
-1.191717771,-1.357257119,-0.01980139,0
-1.09009173,0.858892911,-1.211043964,1
-0.519794011,1.411640976,-1.466136535,1
2.035462918,1.755142877,1.198376889,0
-1.299181077,0.500777588,-1.111369316,1
-1.136246556,1.143680599,-0.721304516,1
-2.312407821,0.463359668,0.545177267,1
-1.392588658,1.186520405,-0.354847987,1
-0.923556521,1.002203163,-1.358559141,1
-0.935107841,1.64128138,-0.546173653,1
-0.705717293,0.825251538,-1.644189951,1
-1.523109584,0.137046792,-1.481101013,1
0.580180505,1.972547253,-2.660591866,1
-0.407423533,1.991064341,-1.525259993,1
-0.559128458,1.382351322,-1.1247006,1
-0.520824045,2.002092317,-0.802804297,1
0.346634415,2.463230321,-2.195232527,1
-1.174298663,2.05250757,0.696745878,1
2.404330101,1.599141763,1.919373556,0
2.264403948,2.919248058,1.35914301,0
2.265832395,1.80221012,2.230788305,0
-0.834180088,1.111996747,-0.860752732,1
-1.049488478,0.440484868,-1.184780976,1
2.046990293,2.390174056,1.166826031,0
-1.681098228,1.426591326,0.665594483,1
2.102820799,1.617780487,1.223105573,0
-0.211794172,1.819284413,-1.580503802,1
-1.280700852,0.35931685,-0.754547192,1
2.423701309,2.295963196,1.0600451,0
0.383803642,-0.399583198,0.961824543,0
1.329183769,1.03188877,1.195206661,0
1.490891974,0.417600153,1.391374925,0
-0.449700665,1.137965771,-1.529572939,1
0.085090976,0.075057188,0.509919966,0
-0.379913601,2.303921949,-0.803548723,1
-2.144063868,0.635497794,0.484827756,1
-0.854375805,1.223542802,-0.688325254,1
0.871944546,1.048478135,0.761620266,0
2.60362321,2.523328324,1.560770288,0
0.081056074,0.13664162,0.746034302,0
-0.029558081,-0.753716719,0.377990915,0
-0.429279566,1.779259258,-1.270340384,1
-2.001195131,-0.344319521,-0.412207845,1
-1.597213992,0.101297339,-0.803213237,1
-0.790791224,1.665493275,-0.68698851,1
2.433670323,3.022427936,1.437775615,0
1.13209105,2.470099079,-2.81152966,1
0.742157079,0.475666303,0.767216512,0
2.237828234,2.731370092,1.369374673,0
0.967307876,1.716232515,0.745465747,0
2.228201986,2.718428989,1.97050665,0
2.984949543,2.143216612,2.629490553,0
-1.649950407,0.382102413,-0.919838873,1
0.213333189,0.525577775,0.755225511,0
-0.654349912,0.91800378,-0.902407872,1
0.141042728,-0.279569221,0.938680385,0
1.666806067,2.080243162,0.852593194,0
1.845208798,2.203370053,1.789882891,0
-0.469667106,1.213567162,-1.91151655,1
-0.40569374,2.413279214,-0.700979625,1
-1.943542223,0.26099424,-0.534852453,1
-1.359085855,1.71934082,0.393131096,1
2.01644051,2.145196338,1.423932594,0
-2.245322527,-1.039984298,-1.105656604,1
-0.155758261,-0.443854992,0.287827189,0
-0.605540179,1.855011726,-1.028351914,1
2.285297215,2.563350402,1.870333224,0
1.523732002,2.315266207,1.050356223,0
0.563571583,3.135829327,-1.56839394,1
-0.97484257,0.492049938,-1.992625607,1
-0.195453046,2.0751838,-1.582261047,1
-1.689233238,0.721341931,-0.051574423,1
1.623456698,1.466023522,1.821870075,0
-2.911652433,-1.579667556,-0.381551019,1
2.318935449,1.783922766,1.316982334,0
2.376418679,2.567871974,1.396563711,0
0.309028488,0.4033971,0.39914672,0
1.07905963,1.37665644,1.299518585,0
1.525518262,1.679232151,0.995523094,0
0.433206061,1.338506672,0.935481015,0
1.159335809,1.344243979,0.736949129,0
1.017032197,0.633239875,0.919174252,0
-1.926868653,0.52233056,0.16143435,1
0.062677211,-0.183545313,0.647763563,0
0.932867715,1.038283073,1.578537869,0
1.204562874,0.941054351,0.811846609,0
1.13012184,0.378724043,1.35796258,0
-0.72395462,0.61991274,-2.045350784,1
1.36580481,1.865643982,0.715523437,0
0.050350375,1.393658588,-2.425825816,1
1.116724883,0.656323972,1.342858599,0
-1.546767118,0.608715751,-0.104701693,1
1.586667229,1.159314353,1.424460443,0
-1.629669474,0.285737217,-0.199543416,1
-0.596986519,1.716613355,-1.165710983,1
0.221067203,2.587981958,-1.436308565,1
0.831561575,1.058196141,0.564481846,0
0.552060193,0.726042515,0.579404758,0
0.133335644,0.346805667,0.813465868,0
-1.20642166,0.477648649,-0.748743516,1
2.405331056,2.534979709,1.622872125,0
-1.493407699,0.352962418,-0.852445156,1
-2.971483136,-2.800606033,-1.161787316,1
-0.548491079,0.991907706,-2.050545107,1
0.287741079,2.509608709,-2.103679797,1
-0.722174018,1.305123649,-0.544338944,1
0.068887868,2.602305151,-1.081809148,1
-0.405331603,0.426392522,-0.196952268,0
-1.457387389,0.993800422,0.154462962,1
-0.689227759,-0.949415923,0.268429641,0
0.407620016,2.502643805,-0.983220472,1
-0.506884485,1.784584308,-1.972391586,1
1.657134062,1.97146364,1.160537043,0
-0.878442411,1.833794863,-0.195522611,1
-0.439651367,1.707764211,-1.394130706,1
-1.27106847,0.072630542,-1.637448399,1
-1.231993898,0.956565224,-1.08980233,1
-1.752655012,0.003499307,-0.499921276,1
0.343504551,0.455203522,0.338500619,0
-0.9494474,0.357741136,-1.562073089,1
1.568317712,2.346322801,1.099461551,0
-1.096088756,0.84399262,-0.904731184,1
0.675289602,0.473380318,1.006643313,0
-0.327827507,2.937390848,-0.709682136,1
0.583981805,0.522834622,0.315341555,0
-2.994646004,-0.611852354,1.160671479,1
1.806365056,1.610264406,1.402213539,0
-0.439101123,1.490911129,-1.385153214,1
-0.616514867,1.366687694,-1.865552218,1
1.213500163,1.516985927,1.243808704,0
1.459135027,1.450494384,1.317237719,0
0.961947909,-0.328712974,1.789186361,0
1.154817872,1.10639373,1.323843963,0
-0.825429383,0.306105481,-1.92902275,1
-0.254822333,-0.389213277,0.644524077,0
1.292201482,1.69269404,0.503966881,0
1.862457928,1.526776484,1.294288804,0
-1.190734354,0.442961139,-1.19723719,1
-0.957611437,-1.094618132,0.133159963,0
-0.935073737,0.313878011,-1.788480037,1
-2.315006338,0.582912412,0.743686097,1
0.87367951,0.977058587,1.135662972,0
-0.788450223,1.791458518,-1.303023297,1
-0.740527655,1.54291784,-0.280882193,1
-1.979704952,0.228398554,-0.282000968,1
-0.427603913,1.32431019,-2.017606011,1
0.78733484,0.813962139,1.253485642,0
-2.085655259,0.086810188,-0.261332693,1
0.75030276,-0.004054374,0.855424255,0
0.456390363,1.840108117,-2.43869869,1
-1.799836532,0.213725459,-0.459078503,1
-1.952059837,0.469304084,-0.633013227,1
-0.185106415,-0.301010026,0.060834627,0
1.417419061,0.907880587,1.435745055,0
-0.855065573,1.076762442,-1.516243129,1
-2.189709354,-0.466492628,-0.104929078,1
-1.299040811,1.015782692,-0.291471345,1
-0.996883513,2.394807822,0.085976118,1
-0.977753432,1.60065207,-0.585999644,1
-1.245764852,1.053352221,-0.547351974,1
2.255385774,2.440256819,1.608238172,0
-0.828905285,1.044066237,-1.414412543,1
3.141469779,3.196813996,1.941174779,0
0.447362969,0.350245759,0.868719163,0
0.179834018,1.641287034,-2.136995427,1
-1.51687607,0.414012962,-0.645494461,1
-0.341290274,-0.597941723,0.826054254,0
1.352943603,1.63617684,1.541902608,0
0.132996578,1.716782774,-1.959100174,1
0.862644394,0.601273402,1.324610025,0
1.422539643,1.709865264,0.582094082,0
-0.61378618,1.599666056,-1.286879121,1
-0.641334568,2.327160905,-0.228902277,1
-1.893496297,0.379440334,-0.062696996,1
1.236975265,1.325489351,1.503682917,1
-1.543692249,0.521351636,-1.03852027,1
-1.822237546,1.748197544,1.238855764,1
-1.066268051,1.599621284,-1.156239289,1
-1.720286149,0.426344875,-0.244032251,1
-2.238298772,0.320500693,-0.057432456,1
-0.936960524,1.48285946,-0.624794693,1
-1.230913159,0.055909873,-1.741499991,1
-0.573537241,1.539202217,-1.440205028,1
-0.211847482,2.985395057,-1.147185076,1
-2.84787281,-0.661156723,0.186793912,1
0.214984604,0.724064002,0.562417935,0
1.413797788,1.805953948,0.632908391,0
-0.980351747,2.250478039,0.117524976,1
-0.193713746,2.01072537,-1.488967598,1
-0.939598116,1.537398156,-0.823686228,1
1.202942732,0.116925127,1.408407479,0
-1.006292414,0.501103969,-1.537696366,1
1.842215258,2.238604357,1.947080105,0
-0.297345223,1.720251285,-0.831309967,1
2.470245604,1.842070519,1.688775847,0
1.387290285,0.963559321,1.824342003,0
-0.342481467,-0.107404824,0.530322255,0
-0.285114582,1.167829322,-2.59442609,1
-1.501326801,0.178921652,-0.579274763,1
-1.606126884,-0.079135936,-1.048455884,1
-1.484125584,0.369777836,-1.170876675,1
-0.83747627,0.425847838,-1.673016359,1
2.549681496,2.508544147,1.891961365,0
0.499645266,0.936102438,0.324414676,0
1.529863174,0.875804104,1.139068673,0
0.790261995,0.764802862,0.664738931,0
-1.359105558,0.635110174,-1.125934247,1
-1.197434789,1.480939684,-0.366271413,1
-0.57877191,-0.672144637,0.477125557,0
0.488710225,2.4976005,-2.447830586,1
0.468637874,-0.57607654,1.36982211,0
0.421298066,0.151608604,0.472783123,0
-0.075426217,1.221586443,-2.334044105,1
2.185480903,2.545619971,1.366161341,0
-1.059223587,0.724251119,-1.199787131,1
-0.517798489,1.375593438,-1.749612609,1
1.486003986,1.048049022,1.562404261,0
0.770933974,-0.334005831,1.139343623,0
-2.940118679,0.111441114,1.063186366,1
2.256449625,1.878794953,2.008372942,0
1.401589438,1.166606116,1.362623882,0
0.859550011,0.173913973,0.887361656,0
-1.346527581,0.815446885,-0.577607816,1
-0.728705817,1.910139808,-0.133084625,1
0.510327525,-0.167118925,1.316688094,0
-1.899940806,0.54165773,0.357146959,1
0.702596095,2.189534685,-2.141002041,1
0.209125364,-0.604313963,0.573332516,0
-0.072557505,2.030497881,-1.700724579,1
0.952607148,3.228085189,-1.958396653,1
-1.323457433,1.391394395,-0.131933459,1
0.351030852,3.559253601,-0.46048478,1
0.171517152,0.887533862,0.646347619,0
0.136056707,0.036473705,0.93700437,0
-0.796748652,1.17560416,-1.245279826,1
0.482103425,1.423452529,0.51402322,0
1.333035599,1.966557093,1.470268364,0
-1.086577779,0.17972763,-1.230924268,1
-0.25461178,2.70002398,-0.328662527,1
0.303796157,0.399012959,0.920847219,0
0.758886025,0.034947579,1.636519098,0
0.117608467,2.790138951,-1.270104452,1
0.973343454,1.538579577,1.121886771,0
0.986082527,0.710949913,0.957090197,0
-1.403223499,0.520164667,-0.704500811,1
0.036916685,2.886870402,-0.774186573,1
1.12972276,2.064123499,0.906955302,0
-1.224101799,0.721548522,-0.499306957,1
2.411675506,2.600175209,1.72757197,0
-1.340435696,1.074723242,-0.604261282,1
0.865143444,0.739301736,1.168507017,0
-0.233384245,0.942469033,-2.538795441,1
-1.112486068,0.610903268,-1.406065905,1
0.884774774,1.577003722,0.829150311,0
-1.026367167,1.214180299,-1.082454946,1
-1.573988772,0.717751234,0.10640774,1
1.301387171,0.744806184,1.250201929,0
1.15889669,0.855576704,1.229834479,0
-1.252648499,-0.092760096,-1.552922435,1
-0.663409841,1.42734406,-1.080465494,1
-0.11079879,-0.199749456,0.682672221,0
-1.405098642,0.337996687,-0.738905313,1
1.97493633,1.970238477,1.161133613,0
1.346753733,1.358494662,1.080731087,0
2.230620607,2.093371775,1.66800549,0
-0.343238707,1.160244057,-1.58992379,1
0.74340002,0.862738309,1.184692803,0
0.249049939,0.14472927,0.635720764,0
0.147919522,0.152969317,0.984436897,0
2.067086208,1.9170805,1.993529706,0
0.06495023,1.933881885,-2.112663553,1
0.592979958,-0.494027124,0.824450023,0
1.69521948,1.123343342,1.744265529,0
2.677275797,3.292100694,1.810824795,0
-0.575068776,1.642685543,-1.010285512,1
0.24154325,0.336719003,0.544821033,0
-1.483020633,0.221921013,-0.918814714,1
-0.092076801,2.285325936,-1.325925593,1
1.079690079,0.523491824,0.711756264,0
-0.965050548,0.992251881,-0.890373551,1
1.516976782,0.870885676,1.576036958,0
1.549211964,0.930813059,1.779931156,0
1.766070989,1.847919287,1.315919616,0
-1.223959444,1.224001325,-0.836894322,1
0.355319506,-0.181165224,1.011665616,0
0.010553123,2.682351406,-1.029905026,1
1.833949571,2.431740738,1.076192975,0
-0.2952813,2.002560294,-1.562761828,1
0.087793734,-0.167060782,0.633728584,0
-2.107462036,0.39081356,-0.363912297,1
-1.203407057,1.133451043,-0.113119306,1
0.785280171,1.062757079,0.539049321,0
0.957524893,0.053730612,1.120353106,0
-0.204440927,1.626251015,-1.833444172,1
-0.870362026,0.738048405,-1.540585883,1
2.922265595,2.767656761,1.892987148,0
2.208466509,3.176583657,1.112404496,0
-1.795111797,1.033378269,0.307666016,1
0.788375077,0.464476946,1.029072126,0
1.436612582,0.56377815,1.675225135,0
-0.94096271,-0.012281872,-2.448450588,1
0.300352271,0.51400222,0.153197882,0
-1.325842596,-0.171244485,-1.822687935,1
1.799355972,2.372641075,1.121042143,0
-1.332671369,1.48997077,0.168441413,1
-0.407421008,1.054231281,-1.341576934,1
0.913773413,0.777426008,1.007831892,0
0.993508854,0.628984617,0.936724104,0
2.61896294,3.13047615,1.585080234,0
-0.445902256,1.893050307,-1.529764699,1
-1.185503598,0.706441476,-0.668344902,1
-0.336314068,0.918852596,-2.330538767,1
1.648741355,1.300553021,1.658266445,0
0.700595128,-0.095674688,1.400499535,0
-0.748424699,1.619023438,-0.730429862,1
0.15393651,2.679898675,-1.074186974,1
0.055009687,-0.805753074,0.737672341,0
0.47783163,1.211535267,0.646209005,0
-1.268225204,1.110080073,-0.627246545,1
1.087544157,2.026992133,0.760208729,0
1.019823903,0.401977414,1.051162939,0
0.626315597,1.068247671,0.570957083,0
1.814925785,1.539091603,1.340780222,0
-0.006618392,-0.164676703,0.180031068,0
-0.695863861,1.091110217,-1.424956917,1
-1.875747459,0.084517565,-1.102245332,1
1.378744181,1.60857372,0.711319981,0
0.950595752,1.286672594,0.660925583,0
-0.554331552,1.247568751,-1.640931493,1
2.020831657,2.5842468,1.183886162,0
2.722734278,2.464446725,1.516709111,0
1.355863576,1.490286814,1.236081057,0
-0.586313445,0.845712817,-1.719281658,1
1.019444578,0.876102237,0.902827404,0
-0.062218406,1.866532638,-2.306969822,1
-1.014975441,0.548035811,-2.497489991,1
-0.758799429,1.224164301,-1.092757242,1
1.170315552,0.78412276,1.286165836,0
-1.940685564,-0.096065446,-0.77224242,1
-2.463144103,-1.102248855,0.096862716,1
-0.544367339,0.175859366,-2.690311463,1
-1.572229125,0.301129932,-1.195547495,1
-1.241997022,0.715256523,-0.744222141,1
-0.963404391,-0.838616499,-0.102736354,0
0.09351956,1.131228065,-2.561913178,1
-0.520762298,1.973715976,-0.570882356,1
0.644391848,-0.043412827,0.69178587,0
1.820792094,1.693318025,1.530940662,0
-1.181480991,0.210349943,-1.633463623,1
-1.772298642,-0.076229391,-0.665197052,1
-0.79995343,1.224472274,-1.091693866,1
-0.980275452,1.305564125,-0.137692905,1
0.640463619,-0.389937709,1.148799679,0
-0.983467482,0.395242295,-1.432867515,1
-0.065324637,2.140313983,-1.907743057,1
-2.684277225,-0.611864975,0.813940407,1
-1.395592637,-0.372410048,-1.274566306,1
-0.574873634,0.571786073,-2.465493874,1
1.769255659,1.643005658,1.473977707,0
1.21265379,2.673851506,-3.191699172,1
-0.367457253,1.494150399,-1.240961578,1
0.242793864,-0.131089246,0.840872948,0
-0.620255749,1.698566908,-1.164381077,1
-0.789067965,-1.172420622,0.265237441,0
-0.55570436,1.752177535,-1.207030966,1
1.334245899,1.43515084,0.962187957,0
-0.256000417,2.640581488,-0.803013958,1
1.637374265,1.678478803,1.439767871,0
-1.916794153,0.293887589,0.170138009,1
0.289089408,0.752339935,0.273670828,0
-0.553757389,2.017928802,-0.632115208,1
0.613910439,0.837991961,0.901743921,0
-1.119465905,0.453995904,-1.835852797,1
-0.446216588,2.156005728,-1.031165081,1
-1.067641227,0.979803386,-0.818473249,1
-1.203654,0.28677859,-1.384799316,1
1.310097376,1.386651364,1.327835444,0
-1.620983634,1.105641464,0.335562017,1
-0.837217968,0.127316329,-1.911469965,1
-0.641710035,-0.131215305,-2.450242746,1
1.912743654,1.724202164,1.284732983,0
-0.953982427,-1.156707277,0.702664681,0
-1.629099904,0.569505542,-0.469569811,1
-1.204357834,0.085497255,-1.313422424,1
2.7247748,2.527011798,2.181531717,0
-1.309363925,0.827518492,-0.997516519,1
2.24027122,2.210966962,1.843163592,0
-1.076135056,0.012987455,-2.077432312,1
-0.242487525,1.581545965,-1.922847941,1
-1.111443176,0.976004424,-0.773531342,1
-1.524917649,-0.309058018,-1.156187957,1
-1.189009145,0.531314094,-1.561622979,1
1.333360937,0.827935608,1.257190658,0
-1.333141679,0.247916722,-1.02972968,1
-1.053086825,-0.082763373,-2.194475226,1
-0.178281274,2.286392746,-1.087315871,1
1.656228,1.87753439,0.849313141,0
-0.116223788,-0.518515291,0.664737806,0
-0.786816245,1.033237685,-1.033712345,1
-0.319937079,2.272089805,-1.031319092,1
1.908486922,2.490382901,1.416647251,0
1.923345763,2.038380559,1.483873719,0
-0.785543255,1.685754233,-0.55198003,1
0.744683174,1.597048929,0.645158261,0
-2.479845348,-0.811817394,-0.823734942,1
1.023477489,0.051449339,1.524096033,0
-1.18333756,2.159548422,0.226816359,1
-2.187292495,0.351591353,0.569930621,1
1.064764121,0.785903968,0.955878789,0
-1.171102002,1.636950986,0.120944614,1
-1.13674686,1.339325938,-0.53078054,1
-0.470626458,0.506781098,-2.204002205,1
2.561654461,2.827856128,1.76556848,0
-0.48915059,1.950212931,-1.182877735,1
0.089961957,-0.220793089,0.61398733,0
0.294408049,0.594484398,0.498136446,0
0.651767311,-0.13340109,1.166000553,0
-1.555003133,0.610851058,0.108815007,1
-1.691687735,0.805684123,-0.362343107,1
3.186183847,3.615790343,1.764514243,0
-0.908074036,0.663882599,-1.134489025,1
-0.033316423,0.475169263,0.644158834,0
-0.872565074,1.185422679,-1.138708721,1
-1.429150014,-0.265294285,-1.697906779,1
-0.498113478,0.45452747,-2.507056649,1
-1.218680009,1.979194361,0.49473004,1
1.3703262,1.156595394,1.271971941,0
-0.585100702,-0.92884526,0.757322209,0
-2.00967702,-0.052824833,-0.563391285,1
0.432785982,2.405725792,-2.927754122,1
-1.672446218,0.784549245,0.144165871,1
2.58231391,3.431848673,1.333569144,0
-0.223388478,-0.400377584,0.645646753,0
-2.599950597,-0.773749805,0.408176437,1
-0.61938012,-1.586519895,0.612797999,0
-0.13888212,-0.525582712,0.483575633,0
-1.938906633,-0.437555819,-1.200440512,1
-1.346066635,0.48617422,-1.172616477,1
-0.674946658,0.987377846,-1.801619447,1
-1.530134436,0.642006656,-0.223586592,1
0.418112193,3.04450773,-1.34378936,1
2.214469194,2.364426845,1.682262458,0
-0.546579593,0.793369382,-2.015292846,1
-1.870664723,0.994215968,0.57751416,1
-0.960909653,0.235848389,-1.685772614,1
1.6369214,2.238665686,0.652642502,0
0.219263798,2.452842178,-1.589522053,1
-0.808176946,1.660495694,-0.894566939,1
2.976986412,3.320823219,1.982590672,0
2.021898274,1.44815717,1.37036167,0
-0.836319529,0.638828335,-1.1545611,1
-1.77375314,-0.46069787,-0.463566427,1
0.368292793,1.026756187,0.288122822,0
-1.639785637,0.730960267,-0.408988273,1
0.640748429,0.305499396,0.829172287,0
-0.582185,1.782748312,-1.037519736,1
0.944104556,1.060918466,0.573822397,0
-0.467962992,1.881368759,-1.346797603,1
2.121672499,2.109460479,1.204913646,0
1.776245919,1.543146437,1.519131524,0
-0.829054461,0.719473496,-1.192260545,1
-0.352371742,0.732366469,-2.646319144,1
-2.030616171,0.512652992,-0.018935836,1
0.654786407,-0.133439764,1.155107229,0
-2.25793261,-1.596813254,-1.356121173,1
1.073364877,3.28589602,-2.209858527,1
1.317190166,2.457606311,0.592886581,0
-0.49081078,1.332220135,-1.682375398,1
-0.497589628,1.80169956,-0.762762134,1
-2.213559725,0.013817475,-0.224391089,0
-1.207721561,0.709756982,-0.646880345,1
-0.875564358,1.846641191,-0.239227026,1
1.118034075,0.788202019,1.354229814,0
0.44265935,-0.273613734,0.971770425,0
1.002442786,0.429393781,1.013016534,0
0.140821436,-0.184560059,0.490445653,0
1.988517552,1.784687605,1.659168021,0
1.032506832,1.454640881,0.622323163,0
-1.58605063,0.200854577,-1.446052129,1
1.529527057,0.772963339,1.188425087,0
-0.384539358,-0.679871828,0.29472807,0
-0.030775187,1.84474569,-1.446253482,1
-1.063408753,1.381682528,-0.369720855,1
-0.414595779,-0.767109585,0.714238174,0
0.991663212,-0.033829074,1.520604864,0
-0.644252789,2.277612665,-0.10951945,1
-1.554053022,-1.310780047,-0.440632006,0
-1.421332507,0.300673131,-0.799156648,1
-0.357699255,-0.103091863,-0.28234252,0
-1.314026577,0.04739648,-1.20331104,1
0.272198383,0.600338535,0.763335062,0
-0.666532947,0.39203156,-2.514813999,1
-0.992971783,0.435082932,-1.244046516,1
2.979236334,3.138969291,1.57617351,0
-1.50516373,0.836800414,-0.160254234,1
-0.778598448,0.63544142,-1.474527112,1
-2.54504976,-3.692615068,-0.206398458,0
-1.064868163,0.93930365,-1.545883561,1
-0.382306921,1.857095176,-1.527135867,1
2.748366244,3.091619677,1.979533197,0
-0.452489833,1.367312083,-1.520973796,1
-1.738027107,1.184290047,0.467070644,1
-2.003672919,-0.234295406,-0.698925351,1
-1.13878568,1.112064889,-1.13057614,1
1.427491582,2.112608325,0.470963771,0
-0.948834477,2.875915282,0.896502014,1
-0.224313718,1.392025635,-2.180584213,1
-2.380541219,-1.241336546,-0.880676152,1
0.528617429,0.495930017,0.894823399,0
-1.969713046,1.055263592,0.514515469,1
0.966964035,1.126500659,0.727089029,0
-0.895455183,1.7108496,-0.688432045,1
0.513458985,0.267529154,1.035662138,0
-1.517013215,0.616741071,-0.521320674,0
2.227691336,2.601439232,1.590795976,0
-0.892280267,2.199997369,-0.00561682,1
2.564810235,2.921720384,1.609444185,0
-1.627237629,0.169104563,-1.280690538,1
-0.149767024,1.39213447,-1.361168545,1
1.534707726,1.02815657,1.364662261,0
-0.064495662,2.775460806,-1.093342634,1
1.142500779,0.955180716,0.874177139,0
2.093642928,2.454761919,1.343571798,0
