Length,Diameter,Height,Whole weight,Shucked weight,Viscera weight,Shell weight,Rings
0.455,0.365,0.095,0.514,0.2245,0.101,0.15,15
0.35,0.265,0.09,0.2255,0.0995,0.0485,0.07,7
0.55,0.425,0.135,0.8515,0.362,0.196,0.27,14
0.24,0.175,0.045,0.07,0.0315,0.0235,0.02,5
0.205,0.15,0.055,0.042,0.0255,0.015,0.012,5
0.21,0.15,0.05,0.042,0.0175,0.0125,0.015,4
0.39,0.295,0.095,0.203,0.0875,0.045,0.075,7
0.47,0.37,0.12,0.5795,0.293,0.227,0.14,9
0.46,0.375,0.12,0.4605,0.1775,0.11,0.15,7
0.325,0.245,0.07,0.161,0.0755,0.0255,0.045,6
0.525,0.425,0.16,0.8355,0.3545,0.2135,0.245,9
0.52,0.41,0.12,0.595,0.2385,0.111,0.19,8
0.57,0.48,0.175,1.185,0.474,0.261,0.38,11
0.605,0.45,0.195,1.098,0.481,0.2895,0.315,13
0.6,0.475,0.15,1.0075,0.4425,0.221,0.28,15
0.595,0.475,0.14,0.944,0.3625,0.189,0.315,9
0.6,0.47,0.15,0.922,0.363,0.194,0.305,10
0.555,0.425,0.14,0.788,0.282,0.1595,0.285,11
0.615,0.475,0.17,1.1025,0.4695,0.2355,0.345,14
0.595,0.48,0.165,1.262,0.4835,0.283,0.41,17
0.44,0.35,0.125,0.4035,0.175,0.063,0.129,9
0.325,0.26,0.09,0.1915,0.085,0.036,0.062,7
0.35,0.26,0.095,0.211,0.086,0.056,0.068,7
0.265,0.2,0.065,0.0975,0.04,0.0205,0.028,7
0.425,0.33,0.115,0.406,0.1635,0.081,0.1355,8
0.305,0.23,0.08,0.156,0.0675,0.0345,0.048,7
0.345,0.255,0.09,0.2005,0.094,0.0295,0.063,9
0.405,0.325,0.11,0.3555,0.151,0.063,0.117,9
0.375,0.285,0.095,0.253,0.096,0.0575,0.0925,9
0.565,0.445,0.155,0.826,0.341,0.2055,0.2475,10
0.315,0.245,0.085,0.1435,0.053,0.0475,0.05,8
0.225,0.16,0.045,0.0465,0.025,0.015,0.015,4
0.58,0.475,0.15,0.97,0.385,0.2165,0.35,11
0.57,0.48,0.18,0.9395,0.399,0.2,0.295,14
0.64,0.51,0.175,1.368,0.515,0.266,0.57,21
0.56,0.45,0.16,1.0235,0.429,0.268,0.3,10
0.62,0.475,0.175,1.0165,0.4355,0.214,0.325,10
0.645,0.51,0.2,1.5675,0.621,0.367,0.46,12
0.62,0.49,0.19,1.218,0.5455,0.2965,0.355,13
0.6,0.495,0.195,1.0575,0.384,0.19,0.375,26
0.295,0.215,0.085,0.128,0.049,0.034,0.04,6
0.275,0.205,0.075,0.1105,0.045,0.0285,0.035,6
0.28,0.21,0.085,0.1065,0.039,0.0295,0.03,4
0.49,0.395,0.14,0.549,0.2215,0.1275,0.15,11
0.37,0.28,0.105,0.234,0.0905,0.0585,0.075,9
0.405,0.305,0.095,0.3485,0.1455,0.0895,0.1,9
0.54,0.435,0.175,0.892,0.322,0.174,0.335,13
0.37,0.28,0.1,0.252,0.1065,0.0595,0.074,8
0.36,0.27,0.1,0.217,0.0885,0.0495,0.0715,6
0.47,0.36,0.13,0.472,0.182,0.114,0.15,10
0.2,0.145,0.06,0.037,0.0125,0.0095,0.011,4
0.44,0.345,0.12,0.365,0.1655,0.083,0.11,7
0.525,0.44,0.15,0.8425,0.3685,0.1985,0.24,12
0.45,0.355,0.115,0.479,0.2125,0.1045,0.15,8
0.59,0.485,0.12,0.911,0.39,0.182,0.29,16
0.555,0.45,0.145,0.915,0.4,0.246,0.285,11
0.57,0.44,0.095,0.827,0.3395,0.2215,0.235,8
0.59,0.5,0.165,1.1045,0.4565,0.2425,0.34,15
0.585,0.475,0.12,0.945,0.41,0.2115,0.28,14
0.58,0.46,0.12,0.9935,0.4625,0.2385,0.28,11
0.545,0.44,0.12,0.8565,0.3475,0.1715,0.24,12
0.605,0.495,0.17,1.2385,0.528,0.2465,0.39,14
0.62,0.47,0.14,1.0325,0.3605,0.224,0.36,15
0.545,0.415,0.16,0.7715,0.272,0.1455,0.2765,10
0.53,0.415,0.175,0.7395,0.261,0.1395,0.2645,17
0.465,0.35,0.115,0.421,0.1565,0.091,0.1345,9
0.665,0.54,0.175,1.347,0.4955,0.254,0.415,17
0.735,0.59,0.225,1.756,0.637,0.3405,0.58,21
0.66,0.545,0.185,1.32,0.5305,0.2635,0.455,16
0.7,0.585,0.185,1.8075,0.7055,0.3215,0.475,29
0.575,0.4,0.155,0.9325,0.3605,0.2445,0.3,17
0.57,0.465,0.125,0.849,0.3785,0.1765,0.24,15
0.58,0.46,0.15,0.9955,0.429,0.212,0.26,19
0.63,0.48,0.145,1.0115,0.4235,0.237,0.305,12
0.585,0.465,0.14,0.908,0.381,0.1615,0.315,13
0.55,0.45,0.13,0.92,0.378,0.2385,0.29,11
0.435,0.33,0.125,0.406,0.1685,0.1055,0.096,12
0.28,0.21,0.08,0.1085,0.041,0.0265,0.0345,7
0.41,0.32,0.115,0.387,0.165,0.1005,0.0985,11
0.45,0.35,0.14,0.474,0.21,0.109,0.1275,16
0.45,0.345,0.135,0.443,0.1975,0.0875,0.1175,14
0.59,0.455,0.155,1.066,0.382,0.2275,0.415,20
0.57,0.44,0.14,0.9535,0.3785,0.201,0.305,17
0.61,0.475,0.15,0.9665,0.4145,0.2,0.345,10
0.61,0.475,0.14,1.133,0.5275,0.2355,0.35,11
0.56,0.425,0.14,0.9175,0.4005,0.1975,0.26,10
0.585,0.435,0.175,0.982,0.4055,0.2495,0.27,10
0.58,0.445,0.15,0.8865,0.383,0.209,0.255,11
0.63,0.48,0.175,1.3675,0.5015,0.3035,0.515,17
0.37,0.275,0.14,0.2215,0.097,0.0455,0.0615,6
0.38,0.275,0.095,0.1375,0.086,0.0585,0.0605,7
0.385,0.29,0.095,0.312,0.143,0.0635,0.086,6
0.385,0.3,0.1,0.2895,0.1215,0.063,0.09,7
0.395,0.29,0.095,0.319,0.138,0.08,0.082,7
0.395,0.29,0.095,0.304,0.127,0.084,0.077,6
0.4,0.31,0.1,0.306,0.13,0.06,0.094,6
0.41,0.325,0.1,0.394,0.208,0.0655,0.106,6
0.415,0.32,0.11,0.3735,0.175,0.0755,0.109,7
0.64,0.5,0.17,1.5175,0.693,0.326,0.409,11
0.64,0.5,0.175,1.394,0.4935,0.291,0.4,10
0.645,0.5,0.155,1.2205,0.6145,0.236,0.3185,10
0.645,0.52,0.175,1.636,0.779,0.342,0.432,11
0.645,0.52,0.175,1.561,0.709,0.3555,0.4,8
0.645,0.505,0.165,1.4325,0.684,0.308,0.336,8
0.645,0.5,0.175,1.3385,0.633,0.299,0.349,11
0.645,0.5,0.16,1.2465,0.5475,0.327,0.3,10
0.645,0.515,0.15,1.212,0.515,0.2055,0.385,10
0.65,0.495,0.16,1.304,0.57,0.312,0.3725,9
0.65,0.52,0.21,1.6785,0.6665,0.308,0.46,11
0.65,0.525,0.185,1.622,0.6645,0.3225,0.477,10
0.655,0.46,0.16,1.494,0.6895,0.331,0.1825,9
0.655,0.51,0.175,1.6525,0.8515,0.3365,0.403,10
0.66,0.505,0.185,1.528,0.69,0.3025,0.441,11
0.66,0.535,0.19,1.5905,0.6425,0.297,0.5175,9
0.66,0.495,0.195,1.6275,0.594,0.3595,0.485,10
0.66,0.475,0.18,1.3695,0.641,0.294,0.335,6
0.67,0.525,0.165,1.6085,0.682,0.3145,0.4005,11
0.675,0.57,0.225,1.587,0.739,0.2995,0.435,10
0.675,0.565,0.195,1.8375,0.7645,0.3615,0.553,12
0.68,0.535,0.185,1.607,0.7245,0.3215,0.498,12
0.69,0.525,0.175,1.7005,0.8255,0.362,0.405,8
0.69,0.505,0.2,1.872,0.893,0.4015,0.48,10
0.695,0.535,0.175,1.8385,0.8035,0.396,0.503,10
0.705,0.535,0.18,1.685,0.693,0.42,0.4045,12
0.71,0.565,0.205,2.198,1.012,0.5225,0.5475,11
0.715,0.565,0.175,1.9525,0.7645,0.4185,0.4135,10
0.715,0.525,0.185,1.56,0.6655,0.383,0.405,11
0.735,0.6,0.22,2.555,1.1335,0.44,0.6,11
0.765,0.6,0.22,2.302,1.007,0.509,0.6205,12
0.185,0.13,0.045,0.029,0.012,0.0075,0.0095,4
0.195,0.15,0.045,0.0375,0.018,0.006,0.011,3
0.195,0.135,0.04,0.0325,0.0135,0.005,0.0095,4
0.2,0.155,0.04,0.0435,0.0155,0.009,0.007,4
0.225,0.165,0.055,0.059,0.027,0.0125,0.015,4
0.245,0.18,0.065,0.071,0.03,0.013,0.0215,4
0.25,0.18,0.065,0.0685,0.0245,0.0155,0.0225,5
0.265,0.195,0.055,0.084,0.0365,0.0175,0.025,7
0.275,0.195,0.065,0.106,0.054,0.02,0.028,6
0.28,0.21,0.085,0.1075,0.0415,0.024,0.034,5
0.285,0.22,0.065,0.096,0.0405,0.0205,0.03,5
0.3,0.22,0.08,0.1255,0.055,0.0265,0.039,6
0.315,0.235,0.055,0.151,0.065,0.027,0.039,6
0.32,0.225,0.085,0.1415,0.0675,0.0295,0.0405,6
0.34,0.265,0.08,0.2015,0.09,0.0475,0.055,5
0.37,0.28,0.1,0.221,0.1165,0.0265,0.0635,6
0.375,0.28,0.08,0.2345,0.1125,0.0455,0.067,6
0.475,0.35,0.1,0.4545,0.2165,0.111,0.115,7
0.48,0.38,0.125,0.6245,0.3395,0.1085,0.1665,8
0.49,0.465,0.125,0.5225,0.235,0.13,0.141,7
0.5,0.375,0.14,0.5495,0.248,0.112,0.1585,7
0.5,0.375,0.12,0.542,0.215,0.116,0.17,9
0.5,0.38,0.125,0.519,0.2485,0.1135,0.134,8
0.5,0.39,0.125,0.5215,0.2485,0.117,0.131,6
0.505,0.39,0.125,0.5445,0.246,0.15,0.1405,7
0.51,0.405,0.125,0.6795,0.3465,0.1395,0.182,8
0.51,0.4,0.125,0.545,0.261,0.115,0.1385,6
0.51,0.4,0.125,0.5575,0.2615,0.1195,0.1525,9
0.51,0.38,0.115,0.5155,0.215,0.1135,0.166,8
0.515,0.385,0.125,0.6115,0.3175,0.1265,0.15,8
0.52,0.4,0.145,0.7765,0.3525,0.1845,0.185,9
0.52,0.38,0.135,0.5395,0.2295,0.133,0.157,8
0.52,0.38,0.125,0.5545,0.288,0.1295,0.167,8
0.52,0.46,0.15,1.019,0.523,0.1985,0.254,7
0.525,0.4,0.13,0.6455,0.325,0.1245,0.17,8
0.525,0.4,0.14,0.601,0.2625,0.1285,0.1835,9
0.525,0.405,0.12,0.7555,0.3755,0.1555,0.201,9
0.525,0.395,0.12,0.608,0.297,0.1395,0.1405,8
0.53,0.4,0.125,0.617,0.279,0.127,0.19,8
0.535,0.39,0.125,0.599,0.2595,0.149,0.169,9
0.54,0.42,0.14,0.6665,0.3125,0.138,0.1895,10
0.545,0.39,0.135,0.7835,0.4225,0.1815,0.156,7
0.545,0.41,0.12,0.793,0.434,0.1405,0.19,9
0.545,0.415,0.14,0.82,0.4615,0.127,0.218,9
0.55,0.415,0.135,0.8145,0.427,0.1855,0.175,8
0.55,0.43,0.15,0.84,0.395,0.195,0.223,8
0.55,0.425,0.15,0.8315,0.411,0.1765,0.2165,10
0.56,0.43,0.145,0.8995,0.464,0.1775,0.234,9
0.56,0.445,0.16,0.8965,0.42,0.2175,0.2215,8
0.56,0.44,0.155,0.6405,0.336,0.1765,0.245,8
0.56,0.415,0.145,0.852,0.43,0.1885,0.205,8
0.565,0.455,0.15,0.9595,0.4565,0.2395,0.23,9
0.565,0.435,0.15,0.99,0.5795,0.1825,0.206,8
0.565,0.45,0.175,1.0095,0.447,0.2375,0.2645,9
0.57,0.46,0.15,1.0375,0.5415,0.2035,0.25,9
0.57,0.445,0.145,0.8775,0.412,0.217,0.22,8
0.57,0.44,0.15,0.755,0.3425,0.16,0.224,8
0.575,0.46,0.145,0.9945,0.466,0.229,0.265,7
0.575,0.45,0.16,1.068,0.556,0.214,0.2575,10
0.575,0.435,0.14,0.8455,0.401,0.191,0.222,9
0.575,0.47,0.165,0.869,0.435,0.197,0.238,9
0.575,0.455,0.135,0.907,0.4245,0.197,0.26,9
0.575,0.435,0.13,0.805,0.3155,0.2155,0.245,10
0.575,0.445,0.17,1.0225,0.549,0.2175,0.228,9
0.575,0.445,0.145,0.847,0.415,0.1945,0.22,9
0.425,0.31,0.09,0.301,0.1385,0.065,0.08,7
0.43,0.34,0,0.428,0.2065,0.086,0.115,8
0.43,0.315,0.095,0.378,0.175,0.08,0.1045,8
0.435,0.315,0.11,0.3685,0.1615,0.0715,0.12,7
0.44,0.34,0.12,0.438,0.2115,0.083,0.12,9
0.45,0.33,0.105,0.448,0.208,0.089,0.12,9
0.455,0.345,0.105,0.4005,0.164,0.0755,0.126,8
0.455,0.365,0.115,0.4305,0.184,0.108,0.1245,8
0.455,0.33,0.1,0.372,0.358,0.0775,0.11,8
0.46,0.36,0.105,0.466,0.2225,0.099,0.11,7
0.46,0.35,0.105,0.3705,0.1575,0.077,0.114,9
0.46,0.365,0.125,0.4785,0.206,0.1045,0.141,8
0.465,0.34,0.11,0.346,0.1425,0.073,0.113,11
0.47,0.365,0.1,0.411,0.175,0.0855,0.135,8
0.47,0.355,0.18,0.48,0.2055,0.105,0.1505,8
0.47,0.355,0.12,0.393,0.167,0.0885,0.115,8
0.475,0.355,0.1,0.5035,0.2535,0.091,0.14,8
0.475,0.38,0.12,0.441,0.1785,0.0885,0.1505,8
0.475,0.36,0.11,0.492,0.211,0.11,0.15,8
0.48,0.37,0.125,0.5435,0.244,0.101,0.165,9
0.48,0.355,0.115,0.4725,0.2065,0.112,0.132,8
0.48,0.365,0.1,0.461,0.2205,0.0835,0.135,8
0.495,0.355,0.12,0.4965,0.214,0.1045,0.1495,8
0.495,0.38,0.13,0.5125,0.2185,0.116,0.16,7
0.495,0.395,0.12,0.553,0.224,0.1375,0.167,8
0.5,0.38,0.135,0.594,0.2945,0.104,0.1565,9
0.5,0.42,0.135,0.6765,0.302,0.1415,0.2065,9
0.5,0.375,0.145,0.5795,0.239,0.1375,0.185,9
0.5,0.41,0.14,0.6615,0.2585,0.1625,0.196,9
0.5,0.375,0.125,0.5695,0.259,0.124,0.157,7
0.5,0.395,0.14,0.6215,0.2925,0.1205,0.195,9
0.505,0.405,0.13,0.6015,0.3015,0.11,0.18,8
0.505,0.38,0.12,0.594,0.2595,0.1435,0.18,7
0.505,0.395,0.105,0.551,0.248,0.103,0.171,8
0.61,0.46,0.16,1,0.494,0.197,0.275,10
0.615,0.475,0.155,1.004,0.4475,0.193,0.2895,10
0.615,0.47,0.165,1.128,0.4465,0.2195,0.34,10
0.615,0.5,0.17,1.054,0.4845,0.228,0.295,10
0.615,0.475,0.165,1.023,0.4905,0.1955,0.3035,12
0.615,0.475,0.17,1.129,0.4795,0.302,0.3,10
0.615,0.48,0.175,1.118,0.446,0.3195,0.3,9
0.615,0.475,0.155,1.115,0.484,0.2115,0.355,10
0.62,0.51,0.175,1.2815,0.5715,0.2385,0.39,10
0.62,0.495,0.18,1.2555,0.5765,0.254,0.355,12
0.62,0.5,0.15,1.293,0.596,0.3135,0.354,10
0.62,0.475,0.16,1.1295,0.463,0.2685,0.33,10
0.625,0.455,0.17,1.082,0.4955,0.2345,0.315,9
0.625,0.505,0.175,1.15,0.5475,0.256,0.3045,11
0.625,0.515,0.16,1.264,0.5715,0.326,0.321,9
0.625,0.48,0.155,1.2035,0.5865,0.239,0.3185,12
0.63,0.485,0.17,1.3205,0.5945,0.345,0.345,9
0.63,0.505,0.18,1.272,0.6025,0.295,0.315,11
0.63,0.485,0.145,1.062,0.5065,0.1785,0.3365,12
0.63,0.475,0.145,1.0605,0.5165,0.2195,0.28,10
0.63,0.495,0.16,1.093,0.497,0.221,0.315,12
0.635,0.49,0.16,1.101,0.534,0.1865,0.3455,10
0.635,0.5,0.165,1.4595,0.705,0.2645,0.39,9
0.635,0.495,0.175,1.211,0.707,0.2725,0.323,9
0.635,0.475,0.17,1.1935,0.5205,0.2695,0.3665,10
0.635,0.51,0.155,0.986,0.405,0.2255,0.31,10
0.64,0.565,0.23,1.521,0.644,0.372,0.406,15
0.64,0.525,0.18,1.3135,0.4865,0.2995,0.4075,10
0.645,0.51,0.16,1.1835,0.556,0.2385,0.345,11
0.645,0.5,0.195,1.401,0.6165,0.3515,0.3725,10
0.645,0.525,0.16,1.5075,0.7455,0.245,0.4325,11
0.65,0.505,0.165,1.16,0.4785,0.274,0.349,11
0.65,0.59,0.22,1.662,0.77,0.378,0.435,11
0.65,0.525,0.175,1.5365,0.6865,0.3585,0.405,11
0.65,0.51,0.19,1.542,0.7155,0.3735,0.375,9
0.65,0.51,0.17,1.567,0.7245,0.349,0.391,10
0.655,0.525,0.19,1.3595,0.564,0.3215,0.3985,10
0.655,0.535,0.205,1.6445,0.7305,0.3595,0.46,13
0.655,0.52,0.19,1.4545,0.6,0.3865,0.383,10
0.655,0.49,0.175,1.3585,0.6395,0.294,0.365,10
0.66,0.495,0.21,1.548,0.724,0.3525,0.3925,10
0.66,0.515,0.17,1.337,0.615,0.3125,0.3575,10
0.665,0.53,0.18,1.491,0.6345,0.342,0.435,10
0.67,0.53,0.225,1.5615,0.63,0.487,0.3725,11
0.67,0.505,0.175,1.0145,0.4375,0.271,0.3745,10
0.675,0.545,0.185,1.7375,0.876,0.3135,0.469,13
0.55,0.43,0.14,0.84,0.375,0.218,0.1945,8
0.55,0.425,0.16,0.793,0.343,0.2035,0.215,9
0.56,0.43,0.15,0.8745,0.453,0.161,0.22,8
0.56,0.435,0.15,0.8715,0.4755,0.1835,0.1835,9
0.57,0.445,0.15,0.9875,0.504,0.207,0.249,8
0.575,0.465,0.15,1.08,0.595,0.2065,0.238,9
0.575,0.46,0.165,0.9155,0.4005,0.2465,0.2385,8
0.58,0.46,0.175,1.165,0.65,0.2205,0.3055,9
0.58,0.435,0.14,0.953,0.475,0.2165,0.2095,9
0.585,0.455,0.15,0.906,0.4095,0.23,0.2335,8
0.59,0.44,0.15,0.8725,0.387,0.215,0.245,8
0.59,0.465,0.15,1.151,0.613,0.239,0.2515,9
0.59,0.46,0.145,0.9905,0.453,0.2205,0.275,8
0.595,0.455,0.16,1.04,0.452,0.2655,0.288,9
0.6,0.455,0.155,0.945,0.4365,0.2085,0.25,8
0.6,0.465,0.2,1.259,0.6405,0.1985,0.357,9
0.605,0.485,0.165,0.9515,0.4535,0.193,0.2765,11
0.605,0.485,0.16,1.201,0.417,0.2875,0.38,9
0.605,0.515,0.17,1.289,0.6,0.2945,0.3315,9
0.61,0.485,0.17,1.1005,0.5125,0.229,0.305,11
0.615,0.475,0.13,0.8425,0.353,0.1915,0.251,8
0.62,0.485,0.155,1.049,0.462,0.231,0.25,10
0.62,0.435,0.155,1.012,0.477,0.236,0.275,8
0.62,0.48,0.165,1.0725,0.4815,0.235,0.312,9
0.625,0.52,0.175,1.4105,0.691,0.322,0.3465,10
0.625,0.47,0.18,1.136,0.451,0.3245,0.305,11
0.63,0.47,0.145,1.1005,0.52,0.26,0.276,9
0.63,0.5,0.175,1.1105,0.467,0.268,0.329,10
0.63,0.455,0.15,1.1315,0.481,0.2745,0.305,9
0.63,0.48,0.15,1.271,0.6605,0.2425,0.31,11
0.63,0.49,0.225,1.336,0.6805,0.259,0.3245,10
0.635,0.505,0.145,1.1345,0.505,0.2655,0.315,10
0.635,0.51,0.185,1.308,0.544,0.318,0.377,8
0.64,0.515,0.205,1.5335,0.6635,0.3345,0.4025,9
0.645,0.515,0.175,1.546,0.7035,0.365,0.415,10
0.575,0.47,0.155,1.116,0.509,0.238,0.34,10
0.575,0.45,0.125,0.78,0.3275,0.188,0.235,9
0.575,0.47,0.185,0.985,0.3745,0.2175,0.355,10
0.575,0.465,0.195,0.9965,0.417,0.247,0.47,8
0.575,0.445,0.17,0.8015,0.3475,0.1465,0.25,9
0.575,0.45,0.135,0.807,0.3615,0.176,0.254,10
0.575,0.435,0.15,1.0305,0.4605,0.218,0.36,8
0.575,0.445,0.16,0.839,0.4005,0.198,0.239,9
0.575,0.44,0.16,0.9615,0.483,0.166,0.275,13
0.58,0.435,0.15,0.834,0.428,0.1515,0.23,8
0.58,0.46,0.155,1.0335,0.469,0.2225,0.295,10
0.58,0.43,0.13,0.798,0.365,0.173,0.2285,10
0.6,0.46,0.155,0.9735,0.427,0.2045,0.3,8
0.6,0.475,0.15,1.13,0.575,0.196,0.305,9
0.6,0.48,0.165,0.9165,0.4135,0.1965,0.2725,9
0.6,0.48,0.17,0.9175,0.38,0.2225,0.29,8
0.6,0.48,0.18,1.0645,0.4495,0.2455,0.325,10
0.6,0.47,0.165,1.059,0.504,0.241,0.275,9
0.6,0.47,0.16,1.194,0.5625,0.3045,0.2635,10
0.605,0.455,0.145,0.9775,0.468,0.1775,0.275,9
0.605,0.475,0.145,0.884,0.3835,0.1905,0.27,8
0.605,0.47,0.145,0.8025,0.379,0.2265,0.22,9
0.605,0.48,0.14,0.991,0.4735,0.2345,0.24,8
0.605,0.47,0.155,0.974,0.393,0.224,0.3345,9
0.605,0.505,0.18,1.434,0.7285,0.264,0.431,11
0.61,0.475,0.155,0.983,0.4565,0.228,0.266,10
0.61,0.465,0.16,1.0725,0.4835,0.2515,0.28,10
0.61,0.485,0.15,1.2405,0.6025,0.2915,0.3085,12
0.61,0.47,0.16,1.022,0.449,0.2345,0.2945,9
0.61,0.475,0.16,1.1155,0.3835,0.223,0.379,10
0.61,0.465,0.125,0.9225,0.436,0.19,0.26,9
0.61,0.47,0.17,1.1185,0.5225,0.2405,0.31,9
0.61,0.485,0.18,1.2795,0.5735,0.2855,0.355,7
0.615,0.47,0.16,1.0175,0.473,0.2395,0.28,10
0.615,0.475,0.175,1.224,0.6035,0.261,0.311,9
0.62,0.485,0.18,1.154,0.4935,0.256,0.315,12
0.62,0.515,0.155,1.3255,0.6685,0.2605,0.335,12
0.62,0.515,0.175,1.221,0.535,0.241,0.395,13
0.62,0.54,0.165,1.139,0.4995,0.2435,0.357,11
0.62,0.49,0.16,1.066,0.446,0.246,0.305,11
0.62,0.48,0.18,1.2215,0.582,0.2695,0.313,12
0.62,0.47,0.14,0.8565,0.3595,0.16,0.295,9
0.62,0.45,0.135,0.924,0.358,0.2265,0.2965,10
0.62,0.48,0.15,1.266,0.6285,0.2575,0.309,12
0.62,0.48,0.175,1.0405,0.464,0.2225,0.3,9
0.625,0.49,0.165,1.1165,0.4895,0.2615,0.3325,11
0.625,0.475,0.16,1.0845,0.5005,0.2355,0.3105,10
0.625,0.5,0.17,1.0985,0.4645,0.22,0.354,9
0.625,0.47,0.155,1.1955,0.643,0.2055,0.3145,12
0.625,0.485,0.175,1.362,0.6765,0.2615,0.3705,10
0.625,0.485,0.15,1.044,0.438,0.2865,0.278,9
0.63,0.505,0.17,1.0915,0.4615,0.266,0.3,9
0.63,0.5,0.18,1.1965,0.514,0.2325,0.3995,8
0.63,0.49,0.17,1.1745,0.5255,0.273,0.339,11
0.63,0.485,0.165,1.233,0.6565,0.2315,0.3035,10
0.63,0.495,0.175,1.2695,0.605,0.271,0.328,11
0.635,0.5,0.165,1.489,0.715,0.3445,0.3615,13
0.635,0.5,0.17,1.4345,0.611,0.309,0.418,12
0.635,0.49,0.175,1.2435,0.5805,0.313,0.305,10
0.635,0.49,0.17,1.2615,0.5385,0.2665,0.38,9
0.64,0.505,0.165,1.2235,0.5215,0.2695,0.36,10
0.64,0.515,0.18,1.247,0.5475,0.2925,0.3685,10
0.64,0.525,0.185,1.707,0.763,0.4205,0.4435,11
0.645,0.505,0.15,1.1605,0.519,0.2615,0.335,10
0.645,0.5,0.175,1.286,0.5645,0.288,0.386,12
0.645,0.5,0.19,1.5595,0.741,0.3715,0.3845,14
0.645,0.51,0.19,1.4745,0.605,0.345,0.48,9
0.645,0.51,0.195,1.226,0.5885,0.2215,0.3745,10
0.645,0.51,0.16,1.33,0.6665,0.309,0.317,9
0.645,0.51,0.16,1.2415,0.5815,0.276,0.315,9
0.645,0.5,0.175,1.3375,0.554,0.308,0.415,10
0.645,0.51,0.19,1.363,0.573,0.362,0.36,10
0.64,0.53,0.165,1.1895,0.4765,0.3,0.35,11
0.64,0.48,0.145,1.1145,0.508,0.24,0.34,10
0.64,0.515,0.165,1.3115,0.4945,0.2555,0.41,10
0.64,0.49,0.135,1.1,0.488,0.2505,0.2925,10
0.64,0.49,0.155,1.1285,0.477,0.269,0.34,9
0.64,0.485,0.185,1.4195,0.6735,0.3465,0.3255,11
0.645,0.51,0.18,1.6195,0.7815,0.322,0.4675,12
0.645,0.49,0.175,1.32,0.6525,0.2375,0.3385,11
0.645,0.52,0.21,1.5535,0.616,0.3655,0.474,16
0.65,0.52,0.15,1.238,0.5495,0.296,0.3305,10
0.65,0.51,0.155,1.189,0.483,0.278,0.3645,13
0.65,0.51,0.185,1.375,0.531,0.384,0.3985,10
0.655,0.515,0.18,1.412,0.6195,0.2485,0.497,11
0.655,0.525,0.175,1.348,0.5855,0.2605,0.394,10
0.655,0.52,0.17,1.1445,0.53,0.223,0.348,9
0.66,0.535,0.205,1.4415,0.5925,0.2775,0.49,10
0.27,0.195,0.07,0.106,0.0465,0.018,0.036,7
0.445,0.355,0.11,0.4415,0.1805,0.1035,0.1505,10
0.745,0.585,0.19,1.966,0.8435,0.437,0.5855,18
0.4,0.3,0.115,0.3025,0.1335,0.0465,0.0935,8
0.28,0.2,0.075,0.1225,0.0545,0.0115,0.035,5
0.55,0.44,0.135,0.879,0.368,0.2095,0.265,10
0.58,0.46,0.165,1.2275,0.473,0.1965,0.435,16
0.61,0.5,0.165,1.2715,0.4915,0.185,0.49,12
0.62,0.495,0.175,1.806,0.643,0.3285,0.725,17
0.56,0.42,0.195,0.8085,0.3025,0.1795,0.285,14
0.64,0.51,0.2,1.3905,0.61,0.3315,0.41,12
0.69,0.55,0.2,1.8465,0.732,0.472,0.57,19
0.715,0.565,0.24,2.1995,0.7245,0.465,0.885,17
0.71,0.565,0.195,1.817,0.785,0.492,0.49,11
0.55,0.47,0.15,0.897,0.377,0.184,0.29,9
0.375,0.305,0.09,0.3245,0.1395,0.0565,0.095,5
0.61,0.45,0.16,1.136,0.414,0.311,0.3,9
0.38,0.28,0.085,0.2735,0.115,0.061,0.085,6
0.37,0.275,0.085,0.2405,0.104,0.0535,0.07,5
0.335,0.235,0.085,0.1545,0.066,0.0345,0.045,6
0.165,0.115,0.015,0.0145,0.0055,0.003,0.005,4
0.285,0.21,0.075,0.1185,0.055,0.0285,0.04,7
0.19,0.13,0.03,0.0295,0.0155,0.015,0.01,6
0.215,0.15,0.03,0.0385,0.0115,0.005,0.01,5
0.595,0.465,0.125,0.799,0.3245,0.2,0.23,10
0.645,0.5,0.17,1.1845,0.4805,0.274,0.355,13
0.575,0.45,0.185,0.925,0.342,0.197,0.35,12
0.57,0.45,0.17,1.098,0.414,0.187,0.405,20
0.58,0.45,0.235,1.071,0.3,0.206,0.395,14
0.595,0.48,0.2,0.975,0.358,0.2035,0.34,15
0.595,0.47,0.25,1.283,0.462,0.2475,0.445,14
0.625,0.42,0.165,1.0595,0.358,0.165,0.445,21
0.535,0.42,0.165,0.9195,0.3355,0.1985,0.26,16
0.55,0.43,0.16,0.9295,0.317,0.1735,0.355,13
0.495,0.4,0.155,0.8085,0.2345,0.1155,0.35,6
0.32,0.235,0.08,0.1485,0.064,0.031,0.045,6
0.445,0.34,0.12,0.4475,0.193,0.1035,0.13,9
0.52,0.4,0.125,0.6865,0.295,0.1715,0.185,9
0.495,0.385,0.135,0.6335,0.2,0.1225,0.26,14
0.47,0.37,0.135,0.547,0.222,0.1325,0.17,12
0.49,0.37,0.14,0.585,0.243,0.115,0.195,10
0.58,0.47,0.165,0.927,0.3215,0.1985,0.315,11
0.645,0.495,0.185,1.4935,0.5265,0.2785,0.455,15
0.575,0.485,0.165,1.0405,0.419,0.264,0.3,14
0.215,0.17,0.055,0.0605,0.0205,0.014,0.02,6
0.43,0.325,0.11,0.3675,0.1355,0.0935,0.12,13
0.26,0.215,0.08,0.099,0.037,0.0255,0.045,5
0.37,0.28,0.09,0.233,0.0905,0.0545,0.07,11
0.405,0.305,0.105,0.3625,0.1565,0.0705,0.125,10
0.27,0.19,0.08,0.081,0.0265,0.0195,0.03,6
0.68,0.55,0.2,1.596,0.525,0.4075,0.585,21
0.65,0.515,0.195,1.4005,0.5195,0.36,0.44,13
0.645,0.49,0.215,1.406,0.4265,0.2285,0.51,25
0.57,0.405,0.16,0.9245,0.3445,0.2185,0.295,19
0.615,0.48,0.19,1.36,0.5305,0.2375,0.47,18
0.42,0.345,0.105,0.43,0.175,0.096,0.13,7
0.275,0.22,0.08,0.1365,0.0565,0.0285,0.042,6
0.29,0.225,0.075,0.14,0.0515,0.0235,0.04,5
0.42,0.34,0.115,0.4215,0.175,0.093,0.135,8
0.625,0.525,0.215,1.5765,0.5115,0.2595,0.665,16
0.55,0.465,0.18,1.2125,0.3245,0.205,0.525,27
0.66,0.505,0.2,1.6305,0.4865,0.297,0.61,18
0.565,0.47,0.195,1.142,0.387,0.258,0.35,17
0.595,0.495,0.235,1.366,0.5065,0.219,0.52,13
0.63,0.51,0.23,1.539,0.5635,0.2815,0.57,17
0.43,0.325,0.12,0.445,0.165,0.0995,0.155,8
0.455,0.35,0.14,0.5725,0.1965,0.1325,0.175,10
0.33,0.26,0.08,0.19,0.0765,0.0385,0.065,7
0.515,0.415,0.13,0.764,0.276,0.196,0.25,13
0.495,0.39,0.15,0.853,0.3285,0.189,0.27,14
0.485,0.375,0.145,0.5885,0.2385,0.1155,0.19,13
0.535,0.46,0.145,0.7875,0.3395,0.2005,0.2,8
0.58,0.465,0.175,1.035,0.401,0.1865,0.385,17
0.625,0.525,0.195,1.352,0.4505,0.2445,0.53,13
0.555,0.455,0.18,0.958,0.296,0.195,0.39,14
0.55,0.425,0.145,0.797,0.297,0.15,0.265,9
0.59,0.475,0.155,0.857,0.356,0.174,0.28,13
0.355,0.28,0.11,0.2235,0.0815,0.0525,0.08,7
0.275,0.2,0.075,0.086,0.0305,0.019,0.03,7
0.505,0.39,0.175,0.692,0.267,0.15,0.215,12
0.37,0.28,0.095,0.2225,0.0805,0.051,0.075,7
0.555,0.43,0.165,0.7575,0.2735,0.1635,0.275,13
0.505,0.4,0.165,0.729,0.2675,0.155,0.25,9
0.56,0.445,0.18,0.903,0.3575,0.2045,0.295,9
0.595,0.475,0.17,1.0965,0.419,0.229,0.35,17
0.57,0.45,0.165,0.903,0.3305,0.1845,0.295,14
0.6,0.48,0.175,1.229,0.4125,0.2735,0.415,13
0.56,0.435,0.185,1.106,0.422,0.2435,0.33,15
0.585,0.465,0.19,1.171,0.3905,0.2355,0.4,17
0.46,0.335,0.11,0.444,0.225,0.0745,0.11,8
0.46,0.36,0.115,0.4755,0.2105,0.105,0.16,8
0.415,0.315,0.125,0.388,0.068,0.09,0.125,12
0.435,0.32,0.12,0.3785,0.152,0.0915,0.125,11
0.475,0.38,0.135,0.486,0.1735,0.07,0.185,7
0.465,0.36,0.13,0.5265,0.2105,0.1185,0.165,10
0.355,0.28,0.1,0.2275,0.0935,0.0455,0.085,11
0.46,0.375,0.14,0.5105,0.192,0.1045,0.205,9
0.38,0.325,0.11,0.3105,0.12,0.074,0.105,10
0.47,0.365,0.12,0.543,0.2295,0.1495,0.15,9
0.36,0.27,0.09,0.2225,0.083,0.053,0.075,6
0.585,0.455,0.165,0.998,0.345,0.2495,0.315,12
0.655,0.59,0.2,1.5455,0.654,0.3765,0.415,11
0.6,0.485,0.175,1.2675,0.4995,0.2815,0.38,13
0.57,0.46,0.17,1.1,0.4125,0.2205,0.38,14
0.645,0.5,0.2,1.4285,0.639,0.305,0.36,11
0.65,0.495,0.18,1.793,0.8005,0.339,0.53,14
0.51,0.395,0.145,0.6185,0.216,0.1385,0.24,12
0.52,0.38,0.135,0.5825,0.2505,0.1565,0.175,8
0.495,0.415,0.165,0.7485,0.264,0.134,0.285,13
0.43,0.335,0.115,0.406,0.166,0.0935,0.135,8
0.59,0.465,0.16,1.1005,0.506,0.2525,0.295,13
0.55,0.46,0.175,0.869,0.3155,0.1825,0.32,10
0.585,0.43,0.16,0.955,0.3625,0.176,0.27,11
0.58,0.455,0.16,0.9215,0.312,0.196,0.3,17
0.385,0.305,0.105,0.3315,0.1365,0.0745,0.1,7
0.33,0.265,0.09,0.18,0.068,0.036,0.06,6
0.58,0.475,0.155,0.974,0.4305,0.23,0.285,10
0.325,0.27,0.1,0.185,0.08,0.0435,0.065,6
0.475,0.375,0.12,0.563,0.2525,0.1205,0.185,10
0.38,0.3,0.09,0.3215,0.1545,0.075,0.095,9
0.34,0.26,0.09,0.179,0.076,0.0525,0.055,6
0.525,0.425,0.12,0.702,0.3335,0.1465,0.22,12
0.52,0.415,0.145,0.8045,0.3325,0.1725,0.285,10
0.535,0.45,0.135,0.8075,0.322,0.181,0.25,13
0.475,0.36,0.12,0.578,0.2825,0.12,0.17,8
0.415,0.325,0.1,0.385,0.167,0.08,0.125,7
0.495,0.385,0.125,0.585,0.2755,0.1235,0.165,8
0.48,0.405,0.13,0.6375,0.277,0.1445,0.21,10
0.52,0.425,0.15,0.813,0.385,0.2015,0.23,10
0.46,0.375,0.13,0.5735,0.2505,0.119,0.195,9
0.58,0.455,0.12,0.94,0.399,0.257,0.265,11
0.59,0.49,0.135,1.008,0.422,0.2245,0.285,11
0.55,0.415,0.135,0.775,0.302,0.179,0.26,23
0.65,0.5,0.165,1.1445,0.485,0.218,0.365,12
0.465,0.375,0.135,0.6,0.2225,0.129,0.23,16
0.455,0.355,0.13,0.515,0.2,0.1275,0.175,11
0.47,0.375,0.13,0.5795,0.2145,0.164,0.195,13
0.435,0.35,0.11,0.384,0.143,0.1005,0.125,13
0.35,0.265,0.11,0.2965,0.1365,0.063,0.085,7
0.315,0.24,0.07,0.137,0.0545,0.0315,0.04,8
0.595,0.47,0.145,0.991,0.4035,0.1505,0.34,16
0.58,0.475,0.135,0.925,0.391,0.165,0.275,14
0.575,0.435,0.15,0.805,0.293,0.1625,0.27,17
0.535,0.435,0.155,0.8915,0.3415,0.177,0.25,13
0.515,0.42,0.14,0.769,0.2505,0.154,0.29,13
0.505,0.385,0.135,0.6185,0.251,0.1175,0.2,12
0.505,0.395,0.145,0.6515,0.2695,0.153,0.205,15
0.4,0.31,0.1,0.2875,0.1145,0.0635,0.095,10
0.49,0.395,0.135,0.5545,0.213,0.0925,0.215,14
0.53,0.435,0.135,0.7365,0.3275,0.1315,0.22,12
0.395,0.325,0.105,0.306,0.111,0.0735,0.095,8
0.56,0.43,0.125,0.8025,0.313,0.1715,0.263,13
0.505,0.4,0.13,0.764,0.3035,0.189,0.2175,11
0.525,0.43,0.165,0.8645,0.376,0.1945,0.2515,16
0.45,0.36,0.105,0.4715,0.2035,0.0935,0.149,9
0.515,0.435,0.17,0.631,0.2765,0.111,0.216,12
0.59,0.475,0.16,0.9455,0.3815,0.184,0.27,19
0.7,0.53,0.19,1.3185,0.548,0.233,0.42,18
0.72,0.56,0.175,1.7265,0.637,0.3415,0.525,17
0.635,0.495,0.15,1.081,0.4825,0.242,0.31,11
0.555,0.44,0.135,0.9025,0.3805,0.2105,0.28,13
0.575,0.47,0.15,1.1415,0.4515,0.204,0.4,13
0.585,0.455,0.125,1.027,0.391,0.212,0.25,17
0.61,0.485,0.21,1.3445,0.535,0.2205,0.515,20
0.645,0.525,0.2,1.449,0.601,0.2565,0.505,13
0.545,0.44,0.175,0.7745,0.2985,0.1875,0.265,11
0.55,0.45,0.155,0.7895,0.343,0.159,0.25,12
0.66,0.525,0.205,1.3665,0.5005,0.291,0.41,18
0.57,0.475,0.195,1.0295,0.4635,0.1905,0.305,18
0.6,0.47,0.2,1.031,0.392,0.2035,0.29,15
0.63,0.505,0.165,1.065,0.4595,0.216,0.315,12
0.695,0.57,0.23,1.885,0.8665,0.435,0.5,19
0.65,0.545,0.16,1.2425,0.487,0.296,0.48,15
0.72,0.595,0.225,1.969,0.8045,0.423,0.66,16
0.56,0.44,0.17,0.9445,0.3545,0.2175,0.3,12
0.42,0.325,0.115,0.354,0.1625,0.064,0.105,8
0.18,0.125,0.05,0.023,0.0085,0.0055,0.01,3
0.405,0.325,0.11,0.3575,0.145,0.0725,0.11,12
0.5,0.405,0.15,0.5965,0.253,0.126,0.185,12
0.435,0.335,0.11,0.383,0.1555,0.0675,0.135,12
0.34,0.275,0.09,0.2065,0.0725,0.043,0.07,10
0.43,0.34,0.11,0.382,0.154,0.0955,0.109,8
0.535,0.41,0.155,0.6315,0.2745,0.1415,0.1815,12
0.415,0.325,0.115,0.3285,0.1405,0.051,0.106,12
0.655,0.515,0.145,1.25,0.5265,0.283,0.315,15
0.58,0.46,0.185,1.017,0.3515,0.2,0.32,10
0.625,0.43,0.175,1.411,0.572,0.297,0.395,12
0.62,0.485,0.17,1.208,0.4805,0.3045,0.33,15
0.64,0.5,0.15,1.0705,0.371,0.2705,0.36,8
0.505,0.375,0.115,0.5895,0.2635,0.12,0.167,10
0.5,0.395,0.12,0.537,0.2165,0.1085,0.1785,9
0.31,0.245,0.095,0.15,0.0525,0.034,0.048,7
0.505,0.38,0.145,0.651,0.2935,0.19,0.17,12
0.42,0.305,0.11,0.28,0.094,0.0785,0.0955,9
0.4,0.315,0.105,0.287,0.1135,0.037,0.113,10
0.425,0.315,0.125,0.3525,0.1135,0.0565,0.13,18
0.53,0.385,0.125,0.6695,0.289,0.151,0.18,10
0.34,0.255,0.095,0.213,0.081,0.034,0.07,9
0.52,0.38,0.14,0.525,0.1775,0.115,0.185,11
0.635,0.5,0.18,1.312,0.529,0.2485,0.485,18
0.61,0.485,0.165,1.087,0.4255,0.232,0.38,11
0.66,0.515,0.18,1.523,0.54,0.3365,0.555,16
0.635,0.5,0.18,1.319,0.5485,0.292,0.49,16
0.465,0.38,0.135,0.579,0.208,0.1095,0.22,14
0.515,0.4,0.16,0.8175,0.2515,0.156,0.3,23
0.335,0.24,0.095,0.17,0.062,0.039,0.055,9
0.515,0.4,0.17,0.796,0.258,0.1755,0.28,16
0.345,0.255,0.1,0.197,0.071,0.051,0.06,9
0.465,0.355,0.125,0.5255,0.2025,0.135,0.145,13
0.54,0.415,0.17,0.879,0.339,0.208,0.255,10
0.475,0.355,0.125,0.4625,0.186,0.107,0.145,9
0.445,0.335,0.14,0.4565,0.1785,0.114,0.14,11
0.5,0.355,0.14,0.528,0.2125,0.149,0.14,9
0.5,0.38,0.135,0.5835,0.2295,0.1265,0.18,12
0.55,0.435,0.17,0.884,0.2875,0.1645,0.28,14
0.275,0.205,0.08,0.096,0.036,0.0185,0.03,6
0.35,0.265,0.09,0.1855,0.0745,0.0415,0.06,7
0.37,0.285,0.105,0.27,0.1125,0.0585,0.0835,9
0.42,0.33,0.125,0.463,0.186,0.11,0.145,10
0.35,0.26,0.09,0.198,0.0725,0.056,0.06,10
0.395,0.305,0.105,0.282,0.0975,0.065,0.096,9
0.325,0.2,0.08,0.0995,0.0395,0.0225,0.032,8
0.275,0.2,0.065,0.092,0.0385,0.0235,0.027,5
0.235,0.17,0.065,0.0625,0.023,0.014,0.022,6
0.25,0.18,0.06,0.073,0.028,0.017,0.0225,5
0.25,0.185,0.065,0.071,0.027,0.0185,0.0225,5
0.2,0.145,0.05,0.036,0.0125,0.008,0.011,4
0.585,0.47,0.17,1.099,0.3975,0.2325,0.358,20
0.445,0.35,0.14,0.5905,0.2025,0.158,0.19,14
0.5,0.385,0.13,0.768,0.2625,0.095,0.27,13
0.44,0.325,0.08,0.413,0.144,0.1015,0.13,8
0.515,0.405,0.14,0.8505,0.312,0.146,0.315,17
0.52,0.405,0.14,0.6915,0.276,0.137,0.215,11
0.5,0.39,0.13,0.709,0.275,0.168,0.18,11
0.425,0.325,0.12,0.3755,0.142,0.1065,0.105,9
0.51,0.415,0.14,0.8185,0.3025,0.2155,0.235,16
0.37,0.275,0.08,0.227,0.093,0.0625,0.07,8
0.54,0.415,0.13,0.8245,0.272,0.226,0.24,13
0.615,0.475,0.17,1.1825,0.474,0.2895,0.24,11
0.49,0.39,0.135,0.592,0.242,0.096,0.1835,15
0.44,0.325,0.115,0.39,0.163,0.087,0.113,7
0.515,0.395,0.165,0.7565,0.1905,0.17,0.3205,10
0.475,0.38,0.145,0.57,0.167,0.118,0.187,11
0.42,0.31,0.1,0.2865,0.115,0.0735,0.085,8
0.415,0.325,0.1,0.4665,0.2285,0.1065,0.114,7
0.415,0.315,0.105,0.33,0.1405,0.0705,0.095,6
0.415,0.315,0.09,0.3625,0.175,0.0835,0.093,6
0.42,0.32,0.1,0.34,0.1745,0.05,0.0945,8
0.425,0.31,0.105,0.365,0.159,0.0825,0.105,6
0.465,0.375,0.11,0.5,0.21,0.113,0.1505,8
0.465,0.35,0.135,0.6265,0.259,0.1445,0.175,8
0.47,0.37,0.11,0.5555,0.25,0.115,0.163,8
0.47,0.375,0.12,0.6015,0.2765,0.1455,0.135,8
0.475,0.365,0.12,0.53,0.2505,0.0975,0.1625,10
0.48,0.37,0.135,0.6315,0.3445,0.1015,0.161,7
0.5,0.4,0.13,0.7715,0.37,0.16,0.211,8
0.505,0.39,0.185,0.6125,0.267,0.142,0.172,7
0.525,0.425,0.19,0.872,0.4625,0.1725,0.199,9
0.54,0.42,0.12,0.8115,0.392,0.1455,0.2235,9
0.545,0.45,0.15,0.8795,0.387,0.15,0.2625,11
0.565,0.44,0.15,0.983,0.4475,0.2355,0.2485,9
0.58,0.46,0.18,1.145,0.48,0.277,0.325,11
0.59,0.455,0.16,1.09,0.5,0.2215,0.292,9
0.59,0.48,0.16,1.262,0.5685,0.2725,0.335,9
0.595,0.49,0.185,1.185,0.482,0.2015,0.361,10
0.6,0.475,0.135,1.4405,0.5885,0.191,0.3175,9
0.6,0.5,0.155,1.332,0.6235,0.2835,0.35,8
0.6,0.485,0.165,1.1405,0.587,0.2175,0.288,9
0.605,0.475,0.175,1.201,0.5395,0.275,0.309,10
0.625,0.49,0.155,1.33,0.6675,0.259,0.33,10
0.63,0.5,0.185,1.362,0.5785,0.3125,0.384,10
0.64,0.585,0.195,1.647,0.7225,0.331,0.471,12
0.64,0.5,0.18,1.4995,0.593,0.314,0.431,11
0.655,0.545,0.165,1.6225,0.6555,0.299,0.513,12
0.66,0.525,0.215,1.786,0.6725,0.3615,0.4065,11
0.66,0.535,0.2,1.791,0.733,0.318,0.54,15
0.675,0.555,0.205,1.925,0.713,0.358,0.4535,13
0.675,0.55,0.175,1.689,0.694,0.371,0.474,13
0.69,0.55,0.18,1.659,0.8715,0.2655,0.4395,9
0.695,0.53,0.2,2.0475,0.75,0.4195,0.6095,14
0.7,0.525,0.19,1.6015,0.707,0.365,0.43,10
0.73,0.57,0.165,2.0165,1.0685,0.418,0.435,10
0.205,0.15,0.065,0.04,0.02,0.011,0.013,4
0.225,0.17,0.07,0.0565,0.024,0.013,0.016,4
0.23,0.18,0.05,0.064,0.0215,0.0135,0.02,5
0.275,0.195,0.07,0.0875,0.0345,0.022,0.0255,4
0.28,0.21,0.055,0.106,0.0415,0.0265,0.031,5
0.28,0.22,0.08,0.1315,0.066,0.024,0.03,5
0.295,0.22,0.07,0.126,0.0515,0.0275,0.035,6
0.31,0.225,0.075,0.155,0.065,0.037,0.0365,6
0.315,0.235,0.07,0.149,0.058,0.0325,0.047,7
0.34,0.265,0.07,0.185,0.0625,0.0395,0.07,7
0.37,0.29,0.08,0.2545,0.108,0.0565,0.07,6
0.38,0.285,0.085,0.237,0.115,0.0405,0.07,6
0.39,0.295,0.1,0.279,0.1155,0.059,0.08,7
0.405,0.31,0.065,0.3205,0.1575,0.066,0.088,6
0.415,0.325,0.1,0.3335,0.1445,0.0715,0.095,7
0.555,0.425,0.14,0.963,0.44,0.224,0.24,7
0.57,0.445,0.15,0.995,0.504,0.185,0.2505,9
0.57,0.435,0.14,0.8585,0.3905,0.196,0.2295,8
0.575,0.45,0.155,0.948,0.429,0.206,0.259,7
0.58,0.445,0.145,0.888,0.41,0.1815,0.2425,8
0.585,0.45,0.16,0.9045,0.405,0.2215,0.2335,8
0.59,0.465,0.14,1.046,0.4695,0.263,0.263,7
0.595,0.47,0.155,1.1775,0.542,0.269,0.31,9
0.595,0.465,0.15,1.0765,0.491,0.22,0.287,9
0.595,0.465,0.15,1.0255,0.412,0.2745,0.289,11
0.6,0.46,0.145,0.9325,0.3985,0.2245,0.248,8
0.6,0.46,0.15,1.235,0.6025,0.274,0.29,8
0.6,0.46,0.15,1.247,0.5335,0.2735,0.29,9
0.61,0.48,0.15,1.1495,0.564,0.274,0.264,8
0.615,0.485,0.16,1.1575,0.5005,0.2495,0.315,10
0.615,0.5,0.165,1.327,0.6,0.3015,0.355,10
0.615,0.47,0.155,1.2,0.5085,0.32,0.292,8
0.62,0.51,0.175,1.2705,0.5415,0.323,0.3225,9
0.62,0.485,0.175,1.2155,0.545,0.253,0.345,10
0.62,0.475,0.16,1.3245,0.6865,0.233,0.3275,9
0.625,0.48,0.17,1.3555,0.671,0.268,0.3385,10
0.625,0.49,0.165,1.127,0.477,0.2365,0.3185,9
0.625,0.49,0.175,1.1075,0.4485,0.2165,0.3595,8
0.63,0.495,0.2,1.4255,0.659,0.336,0.38,11
0.63,0.495,0.145,1.147,0.5455,0.266,0.2885,9
0.63,0.48,0.165,1.286,0.604,0.271,0.35,8
0.635,0.495,0.18,1.596,0.617,0.317,0.37,11
0.635,0.495,0.195,1.297,0.556,0.2985,0.37,11
0.645,0.49,0.16,1.251,0.5355,0.3345,0.3165,9
0.645,0.5,0.175,1.5105,0.6735,0.3755,0.3775,12
0.65,0.5,0.185,1.4415,0.741,0.2955,0.341,9
0.67,0.52,0.19,1.6385,0.8115,0.369,0.391,9
0.69,0.545,0.205,1.933,0.7855,0.429,0.498,13
0.69,0.54,0.185,1.71,0.7725,0.3855,0.4325,8
0.695,0.55,0.155,1.8495,0.767,0.442,0.4175,10
0.695,0.525,0.175,1.742,0.696,0.389,0.505,12
0.7,0.575,0.205,1.7975,0.7295,0.3935,0.5165,13
0.705,0.56,0.205,2.381,0.9915,0.5005,0.624,10
0.765,0.585,0.18,2.398,1.128,0.512,0.5335,12
0.77,0.6,0.215,2.1945,1.0515,0.482,0.584,10
0.22,0.16,0.05,0.049,0.0215,0.01,0.015,4
0.5,0.38,0.12,0.5765,0.273,0.135,0.145,9
0.505,0.4,0.135,0.723,0.377,0.149,0.178,7
0.51,0.395,0.155,0.5395,0.2465,0.1085,0.167,8
0.59,0.46,0.16,1.0115,0.445,0.2615,0.2565,8
0.595,0.465,0.15,1.1005,0.5415,0.166,0.265,8
0.595,0.47,0.165,1.108,0.4915,0.2325,0.3345,9
0.595,0.46,0.14,0.852,0.4215,0.2255,0.227,9
0.6,0.49,0.21,1.9875,1.005,0.419,0.491,10
0.605,0.48,0.15,1.079,0.4505,0.2835,0.293,10
0.645,0.515,0.16,1.1845,0.506,0.311,0.335,9
0.645,0.48,0.15,1.192,0.6055,0.2595,0.285,9
0.645,0.52,0.18,1.285,0.5775,0.352,0.317,9
0.65,0.515,0.125,1.1805,0.5235,0.283,0.3275,9
0.65,0.52,0.175,1.2655,0.615,0.2775,0.336,9
0.65,0.535,0.175,1.2895,0.6095,0.2765,0.344,10
0.65,0.51,0.155,1.407,0.7215,0.298,0.335,9
0.65,0.49,0.155,1.122,0.545,0.228,0.3055,9
0.66,0.515,0.165,1.4465,0.694,0.298,0.3755,10
0.665,0.505,0.165,1.349,0.5985,0.3175,0.36,9
0.67,0.5,0.2,1.269,0.576,0.2985,0.351,11
0.67,0.51,0.18,1.68,0.926,0.2975,0.3935,13
0.675,0.55,0.19,1.551,0.7105,0.3685,0.412,13
0.68,0.52,0.165,1.4775,0.724,0.279,0.406,11
0.68,0.53,0.18,1.529,0.7635,0.3115,0.4025,11
0.7,0.525,0.175,1.7585,0.8745,0.3615,0.47,10
0.7,0.55,0.2,1.523,0.693,0.306,0.4405,13
0.725,0.53,0.19,1.7315,0.83,0.398,0.405,11
0.725,0.55,0.2,1.51,0.8735,0.4265,0.5085,9
0.735,0.57,0.175,1.88,0.9095,0.387,0.488,11
0.74,0.575,0.22,2.012,0.8915,0.5265,0.471,12
0.75,0.555,0.215,2.201,1.0615,0.5235,0.5285,11
0.19,0.14,0.03,0.0315,0.0125,0.005,0.0105,3
0.21,0.15,0.045,0.04,0.0135,0.008,0.0105,4
0.25,0.175,0.06,0.0635,0.0275,0.008,0.02,4
0.29,0.215,0.065,0.0985,0.0425,0.021,0.031,5
0.335,0.25,0.08,0.167,0.0675,0.0325,0.0575,6
0.34,0.245,0.085,0.2015,0.1005,0.038,0.053,6
0.345,0.255,0.095,0.183,0.075,0.0385,0.06,6
0.355,0.255,0.08,0.187,0.078,0.0505,0.058,7
0.36,0.26,0.08,0.1795,0.074,0.0315,0.06,5
0.37,0.275,0.09,0.2065,0.096,0.0395,0.058,7
0.375,0.29,0.14,0.3,0.14,0.0625,0.0825,8
0.375,0.275,0.095,0.2295,0.095,0.0545,0.066,7
0.385,0.3,0.125,0.343,0.1705,0.0735,0.081,7
0.385,0.285,0.085,0.244,0.1215,0.0445,0.068,8
0.64,0.495,0.17,1.2265,0.49,0.377,0.2875,11
0.64,0.515,0.08,1.042,0.515,0.1755,0.175,10
0.65,0.52,0.155,1.368,0.6185,0.288,0.365,9
0.65,0.51,0.175,1.446,0.6485,0.2705,0.45,12
0.66,0.505,0.19,1.4045,0.6255,0.3375,0.3745,9
0.66,0.525,0.2,1.463,0.6525,0.2995,0.422,11
0.675,0.525,0.17,1.711,0.8365,0.352,0.475,9
0.7,0.54,0.205,1.74,0.7885,0.373,0.4865,13
0.705,0.54,0.205,1.757,0.8265,0.417,0.461,9
0.71,0.565,0.2,1.601,0.706,0.321,0.45,11
0.72,0.55,0.205,2.165,1.1055,0.525,0.404,10
0.725,0.57,0.19,2.3305,1.253,0.541,0.52,9
0.24,0.17,0.05,0.0545,0.0205,0.016,0.0155,5
0.255,0.195,0.055,0.0725,0.0285,0.017,0.021,4
0.275,0.2,0.055,0.0925,0.038,0.021,0.026,4
0.32,0.235,0.09,0.183,0.098,0.0335,0.042,7
0.325,0.24,0.075,0.1525,0.072,0.0645,0.043,6
0.33,0.225,0.075,0.187,0.0945,0.0395,0.0425,7
0.36,0.27,0.09,0.232,0.12,0.0435,0.056,8
0.375,0.265,0.095,0.196,0.085,0.042,0.0585,5
0.375,0.285,0.09,0.2545,0.119,0.0595,0.0675,6
0.39,0.29,0.09,0.2625,0.117,0.054,0.077,7
0.45,0.335,0.105,0.362,0.1575,0.0795,0.1095,7
0.455,0.35,0.105,0.4445,0.213,0.107,0.1115,7
0.46,0.365,0.115,0.511,0.2365,0.118,0.123,7
0.495,0.375,0.12,0.589,0.3075,0.1215,0.1405,8
0.5,0.365,0.13,0.5945,0.309,0.1085,0.1535,9
0.5,0.375,0.12,0.529,0.2235,0.123,0.16,8
0.52,0.4,0.105,0.872,0.4515,0.1615,0.1985,9
0.52,0.395,0.145,0.77,0.424,0.142,0.1895,7
0.525,0.43,0.135,0.8435,0.4325,0.18,0.1815,9
0.535,0.405,0.14,0.818,0.402,0.1715,0.189,7
0.54,0.42,0.14,0.8035,0.38,0.1805,0.21,9
0.54,0.415,0.15,0.8115,0.3875,0.1875,0.2035,9
0.57,0.425,0.13,0.782,0.3695,0.1745,0.1965,8
0.57,0.42,0.14,0.8745,0.416,0.165,0.25,8
0.58,0.445,0.16,0.984,0.49,0.201,0.27,9
0.58,0.445,0.135,0.95,0.484,0.182,0.2325,8
0.59,0.47,0.155,1.1735,0.6245,0.233,0.2595,9
0.59,0.455,0.15,0.976,0.465,0.2055,0.2765,10
0.59,0.485,0.155,1.0785,0.4535,0.2435,0.31,9
0.595,0.435,0.16,1.057,0.4255,0.224,0.31,9
0.6,0.475,0.175,1.11,0.5105,0.256,0.285,9
0.6,0.45,0.16,1.142,0.539,0.225,0.307,10
0.605,0.475,0.19,1.1255,0.59,0.247,0.26,10
0.62,0.48,0.17,1.1045,0.535,0.25,0.287,10
0.625,0.475,0.175,1.3405,0.656,0.283,0.337,10
0.625,0.5,0.13,1.082,0.5785,0.2045,0.25,8
0.625,0.485,0.16,1.254,0.591,0.259,0.3485,9
0.63,0.49,0.165,1.2005,0.575,0.273,0.294,10
0.63,0.485,0.16,1.243,0.623,0.275,0.3,10
0.635,0.51,0.185,1.286,0.526,0.295,0.4105,12
0.645,0.49,0.16,1.1665,0.4935,0.3155,0.299,9
0.645,0.49,0.16,1.144,0.5015,0.289,0.319,8
0.65,0.525,0.19,1.385,0.8875,0.3095,0.405,11
0.655,0.515,0.155,1.309,0.524,0.346,0.385,11
0.655,0.515,0.17,1.527,0.8485,0.2635,0.331,11
0.665,0.515,0.19,1.6385,0.831,0.3575,0.371,11
0.695,0.54,0.195,1.691,0.768,0.363,0.4755,11
0.72,0.565,0.18,1.719,0.8465,0.407,0.3875,11
0.72,0.55,0.18,1.52,0.637,0.325,0.435,10
0.72,0.565,0.17,1.613,0.723,0.3255,0.4945,12
0.735,0.57,0.21,2.2355,1.1705,0.463,0.5315,10
0.74,0.595,0.19,2.3235,1.1495,0.5115,0.505,11
0.31,0.23,0.07,0.1245,0.0505,0.0265,0.038,6
0.315,0.235,0.075,0.1285,0.051,0.028,0.0405,4
0.32,0.205,0.08,0.181,0.088,0.034,0.0495,5
0.325,0.25,0.075,0.1585,0.075,0.0305,0.0455,6
0.335,0.26,0.09,0.1965,0.0875,0.041,0.056,7
0.37,0.28,0.085,0.198,0.0805,0.0455,0.058,5
0.37,0.27,0.09,0.1855,0.07,0.0425,0.065,7
0.375,0.28,0.085,0.2145,0.0855,0.0485,0.072,7
0.4,0.315,0.09,0.3245,0.151,0.073,0.088,8
0.41,0.305,0.095,0.2625,0.1,0.0515,0.09,6
0.425,0.34,0.1,0.371,0.15,0.0865,0.115,8
0.435,0.335,0.095,0.298,0.109,0.058,0.115,7
0.445,0.31,0.09,0.336,0.1555,0.09,0.0855,7
0.46,0.36,0.14,0.447,0.161,0.087,0.16,9
0.465,0.35,0.11,0.4085,0.165,0.102,0.131,8
0.47,0.385,0.13,0.587,0.264,0.117,0.174,8
0.475,0.375,0.11,0.494,0.211,0.109,0.1545,8
0.495,0.375,0.12,0.614,0.2855,0.1365,0.161,8
0.5,0.39,0.13,0.5075,0.2115,0.104,0.1755,9
0.5,0.37,0.12,0.5445,0.249,0.1065,0.152,8
0.505,0.425,0.125,0.6115,0.245,0.1375,0.2,9
0.505,0.4,0.125,0.5605,0.2255,0.1435,0.17,8
0.505,0.365,0.115,0.521,0.25,0.096,0.15,8
0.51,0.4,0.145,0.5775,0.231,0.143,0.177,9
0.51,0.4,0.125,0.5935,0.239,0.13,0.204,8
0.52,0.4,0.11,0.597,0.2935,0.1155,0.16,8
0.52,0.465,0.15,0.9505,0.456,0.199,0.255,8
0.53,0.38,0.125,0.616,0.292,0.113,0.185,8
0.53,0.405,0.15,0.8315,0.352,0.187,0.2525,10
0.535,0.445,0.125,0.8725,0.417,0.199,0.24,8
0.54,0.425,0.13,0.8155,0.3675,0.1365,0.246,11
0.54,0.415,0.11,0.619,0.2755,0.15,0.1765,10
0.545,0.43,0.13,0.7595,0.358,0.153,0.2055,8
0.545,0.43,0.15,0.742,0.3525,0.158,0.208,10
0.55,0.435,0.165,0.804,0.34,0.194,0.244,8
0.55,0.425,0.13,0.664,0.2695,0.163,0.21,8
0.55,0.435,0.14,0.745,0.347,0.174,0.2265,9
0.56,0.43,0.13,0.728,0.3355,0.1435,0.2175,8
0.56,0.435,0.13,0.777,0.354,0.173,0.222,9
0.575,0.425,0.15,0.8765,0.455,0.18,0.228,8
0.575,0.455,0.16,0.9895,0.495,0.195,0.246,9
0.575,0.45,0.165,0.9655,0.498,0.19,0.23,8
0.58,0.465,0.15,0.9065,0.371,0.1965,0.29,8
0.58,0.46,0.15,1.049,0.5205,0.1935,0.305,10
0.58,0.45,0.17,0.9705,0.4615,0.232,0.248,9
0.58,0.45,0.15,0.92,0.393,0.212,0.2895,9
0.58,0.445,0.15,0.9525,0.4315,0.1945,0.287,11
0.58,0.44,0.125,0.7855,0.363,0.1955,0.195,11
0.585,0.45,0.135,0.855,0.3795,0.187,0.26,9
0.59,0.5,0.15,1.142,0.485,0.265,0.345,9
0.59,0.46,0.125,0.755,0.334,0.15,0.238,9
0.59,0.475,0.145,0.9745,0.4675,0.207,0.259,10
0.595,0.47,0.155,1.2015,0.492,0.3865,0.265,10
0.595,0.46,0.17,1.1295,0.57,0.2555,0.265,10
0.6,0.445,0.135,0.9205,0.445,0.2035,0.253,9
0.6,0.48,0.17,1.056,0.4575,0.2435,0.3135,10
0.6,0.45,0.195,1.34,0.617,0.3255,0.3605,10
0.6,0.45,0.15,0.9625,0.4375,0.2225,0.2775,9
0.6,0.465,0.165,1.0475,0.465,0.2345,0.315,11
0.605,0.495,0.17,1.0915,0.4365,0.2715,0.335,13
0.605,0.49,0.18,1.167,0.457,0.29,0.3745,9
0.605,0.48,0.155,0.9995,0.425,0.1985,0.3,10
0.61,0.425,0.155,1.0485,0.507,0.1955,0.274,11
0.61,0.47,0.195,1.2735,0.469,0.3315,0.398,12
0.61,0.48,0.14,1.0625,0.516,0.225,0.2915,11
0.61,0.49,0.16,1.1545,0.5865,0.2385,0.2915,11
0.615,0.475,0.175,1.194,0.559,0.259,0.3165,11
0.615,0.515,0.135,1.1215,0.545,0.2305,0.29,9
0.615,0.455,0.15,0.9335,0.382,0.247,0.2615,10
0.615,0.495,0.165,1.198,0.5415,0.2865,0.3185,10
0.62,0.475,0.15,0.9545,0.455,0.1865,0.277,9
0.62,0.475,0.195,1.3585,0.5935,0.3365,0.3745,10
0.625,0.495,0.175,1.2075,0.531,0.281,0.3525,11
0.625,0.515,0.165,1.217,0.667,0.2065,0.3115,10
0.625,0.5,0.16,1.217,0.5725,0.207,0.355,11
0.625,0.49,0.145,0.92,0.437,0.1735,0.28,10
0.625,0.49,0.12,0.8765,0.456,0.18,0.233,10
0.63,0.48,0.165,1.2615,0.5505,0.277,0.3885,10
0.63,0.53,0.18,1.2795,0.618,0.256,0.315,9
0.63,0.485,0.185,1.167,0.548,0.2485,0.34,10
0.63,0.51,0.17,1.1885,0.4915,0.3065,0.348,7
0.635,0.485,0.19,1.3765,0.634,0.2885,0.406,11
0.715,0.55,0.175,1.825,0.938,0.3805,0.44,11
0.72,0.58,0.19,2.0885,0.9955,0.478,0.5305,13
0.635,0.51,0.17,1.2235,0.532,0.271,0.354,9
0.635,0.525,0.18,1.3695,0.634,0.318,0.363,11
0.64,0.485,0.16,1.006,0.456,0.2245,0.2835,9
0.64,0.495,0.165,1.307,0.678,0.292,0.266,11
0.645,0.505,0.185,1.463,0.592,0.3905,0.416,10
0.655,0.505,0.175,1.2905,0.6205,0.2965,0.326,10
0.67,0.515,0.17,1.4265,0.6605,0.3395,0.37,11
0.68,0.54,0.21,1.7885,0.8345,0.408,0.437,13
0.7,0.545,0.185,1.6135,0.75,0.4035,0.3685,11
0.73,0.585,0.225,2.2305,1.2395,0.422,0.563,14
0.75,0.615,0.205,2.2635,0.821,0.423,0.726,12
0.255,0.185,0.065,0.074,0.0305,0.0165,0.02,4
0.375,0.26,0.08,0.2075,0.09,0.0415,0.07,6
0.625,0.515,0.155,1.1635,0.4875,0.259,0.355,11
0.63,0.515,0.175,1.1955,0.492,0.247,0.37,11
0.63,0.495,0.18,1.31,0.495,0.295,0.4695,10
0.635,0.505,0.165,1.251,0.577,0.227,0.3825,11
0.635,0.49,0.155,1.145,0.4775,0.3035,0.3155,9
0.635,0.5,0.18,1.154,0.4405,0.2315,0.387,9
0.64,0.485,0.145,1.1335,0.5525,0.2505,0.3015,11
0.64,0.5,0.15,1.2015,0.559,0.231,0.3355,9
0.65,0.505,0.17,1.5595,0.695,0.3515,0.395,11
0.65,0.51,0.175,1.3165,0.6345,0.2605,0.364,12
0.655,0.54,0.165,1.403,0.6955,0.2385,0.42,11
0.655,0.49,0.16,1.204,0.5455,0.2615,0.3225,9
0.655,0.455,0.17,1.2895,0.587,0.3165,0.3415,11
0.66,0.53,0.18,1.5175,0.7765,0.302,0.401,10
0.665,0.525,0.155,1.3575,0.5325,0.3045,0.4485,10
0.675,0.52,0.145,1.3645,0.557,0.3405,0.385,11
0.68,0.52,0.185,1.494,0.615,0.3935,0.406,11
0.68,0.56,0.195,1.664,0.58,0.3855,0.545,11
0.685,0.51,0.165,1.545,0.686,0.3775,0.4055,10
0.695,0.535,0.2,1.5855,0.667,0.334,0.471,11
0.7,0.555,0.22,1.666,0.647,0.4285,0.455,11
0.71,0.56,0.175,1.724,0.566,0.4575,0.4625,13
0.73,0.55,0.205,1.908,0.5415,0.3565,0.5965,14
0.755,0.575,0.2,2.073,1.0135,0.4655,0.48,11
0.225,0.17,0.05,0.0515,0.019,0.012,0.017,4
0.23,0.17,0.05,0.057,0.026,0.013,0.016,5
0.255,0.185,0.06,0.0925,0.039,0.021,0.025,6
0.355,0.27,0.075,0.204,0.3045,0.046,0.0595,7
0.425,0.31,0.095,0.3075,0.139,0.0745,0.093,7
0.425,0.32,0.085,0.262,0.1235,0.067,0.0725,8
0.455,0.35,0.11,0.458,0.2,0.111,0.1305,8
0.46,0.355,0.14,0.491,0.207,0.115,0.174,10
0.495,0.38,0.12,0.474,0.197,0.1065,0.1545,10
0.51,0.395,0.125,0.5805,0.244,0.1335,0.188,11
0.52,0.43,0.15,0.728,0.302,0.1575,0.235,11
0.525,0.4,0.13,0.622,0.2655,0.147,0.184,9
0.53,0.415,0.12,0.706,0.3355,0.1635,0.1345,9
0.53,0.395,0.115,0.5685,0.249,0.1375,0.161,9
0.545,0.435,0.145,0.9385,0.3685,0.1245,0.345,11
0.27,0.195,0.07,0.102,0.045,0.0135,0.034,8
0.37,0.295,0.1,0.2685,0.1165,0.056,0.0835,7
0.5,0.385,0.135,0.551,0.2245,0.0715,0.206,11
0.645,0.505,0.165,1.307,0.4335,0.262,0.52,10
0.565,0.44,0.115,0.9185,0.404,0.1785,0.29,11
0.67,0.545,0.175,1.707,0.6995,0.387,0.575,13
0.59,0.415,0.15,0.8805,0.3645,0.234,0.235,11
0.47,0.36,0.11,0.4965,0.237,0.127,0.13,6
0.51,0.385,0.135,0.632,0.282,0.145,0.17,8
0.72,0.575,0.23,2.2695,0.8835,0.3985,0.665,16
0.55,0.405,0.15,0.9235,0.412,0.2135,0.24,7
0.2,0.145,0.025,0.0345,0.011,0.0075,0.01,5
0.65,0.515,0.18,1.3315,0.5665,0.347,0.405,13
0.525,0.405,0.115,0.72,0.3105,0.1915,0.2,14
0.565,0.435,0.185,1.032,0.354,0.2045,0.31,20
0.61,0.47,0.16,1.017,0.426,0.2255,0.32,12
0.545,0.405,0.175,0.98,0.2585,0.207,0.38,18
0.325,0.245,0.075,0.1495,0.0605,0.033,0.045,5
0.31,0.235,0.075,0.1515,0.056,0.0315,0.05,7
0.45,0.335,0.14,0.478,0.1865,0.115,0.16,11
0.49,0.38,0.155,0.578,0.2395,0.1255,0.18,9
0.505,0.405,0.16,0.6835,0.271,0.145,0.215,10
0.385,0.3,0.1,0.2725,0.1115,0.057,0.08,6
0.62,0.485,0.22,1.511,0.5095,0.284,0.51,17
0.635,0.505,0.185,1.3035,0.501,0.295,0.41,17
0.665,0.53,0.185,1.3955,0.456,0.3205,0.49,15
0.335,0.265,0.095,0.1975,0.0795,0.0375,0.07,9
0.295,0.215,0.075,0.116,0.037,0.0295,0.04,8
0.48,0.38,0.125,0.523,0.2105,0.1045,0.175,15
0.32,0.25,0.08,0.1565,0.057,0.034,0.06,9
0.43,0.34,0.125,0.384,0.1375,0.061,0.146,14
0.565,0.45,0.14,1.0055,0.3785,0.244,0.265,12
0.6,0.48,0.165,1.1345,0.4535,0.27,0.335,10
0.585,0.46,0.17,1.0835,0.3745,0.326,0.325,14
0.555,0.42,0.14,0.868,0.33,0.243,0.21,13
0.57,0.495,0.16,1.0915,0.452,0.275,0.315,14
0.62,0.485,0.175,1.271,0.531,0.3075,0.37,11
0.63,0.51,0.19,1.4985,0.4125,0.3075,0.545,16
0.425,0.34,0.12,0.388,0.149,0.087,0.125,10
0.64,0.505,0.19,1.2355,0.4435,0.3105,0.365,14
0.675,0.525,0.175,1.402,0.483,0.3205,0.465,16
0.5,0.4,0.145,0.6025,0.216,0.138,0.21,11
0.385,0.305,0.09,0.2775,0.109,0.0515,0.1,9
0.52,0.435,0.195,0.973,0.2985,0.2135,0.355,18
0.52,0.415,0.175,0.753,0.258,0.171,0.255,8
0.64,0.525,0.2,1.3765,0.44,0.3075,0.47,16
0.44,0.35,0.12,0.375,0.1425,0.0965,0.115,9
0.42,0.32,0.13,0.4135,0.1645,0.106,0.119,10
0.45,0.35,0.135,0.56,0.231,0.137,0.145,13
0.42,0.325,0.125,0.3915,0.1575,0.1025,0.115,9
0.64,0.505,0.19,1.2765,0.4835,0.328,0.4,12
0.57,0.455,0.15,0.96,0.387,0.2385,0.275,11
0.41,0.325,0.12,0.3745,0.158,0.081,0.125,12
0.485,0.41,0.15,0.696,0.2405,0.1625,0.265,13
0.61,0.48,0.19,1.2955,0.5215,0.3225,0.365,12
0.59,0.485,0.205,1.2315,0.4525,0.238,0.42,13
0.665,0.535,0.155,1.383,0.596,0.2565,0.485,14
0.345,0.285,0.1,0.2225,0.0865,0.058,0.075,8
0.635,0.51,0.155,1.156,0.428,0.289,0.315,18
0.695,0.53,0.15,1.477,0.6375,0.3025,0.43,14
0.69,0.54,0.185,1.5715,0.6935,0.318,0.47,15
0.555,0.435,0.135,0.858,0.377,0.1585,0.29,15
0.65,0.525,0.19,1.4995,0.6265,0.4005,0.395,14
0.635,0.48,0.19,1.467,0.5825,0.303,0.42,15
0.655,0.51,0.16,1.092,0.396,0.2825,0.37,14
0.69,0.555,0.205,1.8165,0.7785,0.4395,0.515,19
0.695,0.55,0.16,1.6365,0.694,0.3005,0.44,13
0.55,0.435,0.16,0.906,0.342,0.219,0.295,13
0.61,0.495,0.19,1.213,0.464,0.306,0.365,15
0.595,0.5,0.165,1.06,0.402,0.28,0.275,11
0.3,0.24,0.09,0.161,0.0725,0.039,0.05,6
0.435,0.35,0.125,0.459,0.197,0.1145,0.145,9
0.455,0.375,0.125,0.533,0.233,0.106,0.185,8
0.48,0.38,0.13,0.6175,0.3,0.142,0.175,12
0.43,0.35,0.105,0.366,0.1705,0.0855,0.11,6
0.435,0.35,0.105,0.4195,0.194,0.1005,0.13,7
0.3,0.23,0.075,0.15,0.0605,0.042,0.045,5
0.575,0.48,0.15,0.8745,0.375,0.193,0.29,12
0.505,0.385,0.11,0.655,0.3185,0.15,0.185,9
0.455,0.375,0.125,0.484,0.2155,0.102,0.165,7
0.64,0.505,0.165,1.4435,0.6145,0.3035,0.39,18
0.56,0.435,0.125,0.8775,0.3345,0.2145,0.29,13
0.645,0.52,0.19,1.3105,0.58,0.288,0.37,12
0.595,0.485,0.145,1.2515,0.5035,0.2925,0.33,14
0.565,0.45,0.115,0.9085,0.398,0.197,0.29,17
0.655,0.5,0.14,1.1705,0.5405,0.3175,0.285,12
0.48,0.38,0.135,0.528,0.2,0.1395,0.16,14
0.495,0.385,0.135,0.6625,0.3005,0.1635,0.185,11
0.4,0.335,0.115,0.4335,0.2105,0.1205,0.12,10
0.41,0.31,0.125,0.3595,0.1415,0.0885,0.115,11
0.595,0.465,0.145,1.107,0.402,0.2415,0.31,12
0.625,0.475,0.13,0.8595,0.3195,0.1775,0.24,13
0.52,0.425,0.155,0.7735,0.297,0.123,0.255,17
0.465,0.36,0.125,0.4365,0.169,0.1075,0.145,11
0.475,0.375,0.14,0.501,0.192,0.1175,0.175,13
0.5,0.405,0.14,0.6735,0.265,0.124,0.25,18
0.46,0.355,0.11,0.415,0.215,0.082,0.13,12
0.485,0.385,0.125,0.4775,0.2,0.0785,0.17,12
0.465,0.39,0.14,0.5555,0.213,0.1075,0.215,15
0.525,0.415,0.16,0.6445,0.26,0.1575,0.22,12
0.655,0.53,0.19,1.428,0.493,0.318,0.565,18
0.69,0.54,0.185,1.6195,0.533,0.353,0.555,24
0.55,0.45,0.17,0.81,0.317,0.157,0.22,11
0.58,0.475,0.165,1.0385,0.414,0.26,0.305,13
0.59,0.475,0.155,0.9715,0.371,0.235,0.28,11
0.565,0.44,0.155,0.868,0.348,0.217,0.26,11
0.665,0.57,0.185,1.522,0.6965,0.3025,0.405,13
0.62,0.51,0.175,1.1255,0.4985,0.227,0.315,14
0.55,0.46,0.13,0.7085,0.305,0.1455,0.205,12
0.605,0.475,0.145,1.0185,0.4695,0.225,0.27,15
0.535,0.42,0.16,0.72,0.275,0.164,0.225,15
0.51,0.395,0.12,0.6175,0.262,0.122,0.193,12
0.53,0.405,0.13,0.738,0.2845,0.17,0.193,9
0.495,0.375,0.15,0.597,0.2615,0.135,0.178,11
0.575,0.455,0.185,1.156,0.5525,0.243,0.295,13
0.63,0.5,0.16,1.22,0.4905,0.3,0.345,14
0.59,0.45,0.12,0.7485,0.3345,0.1315,0.22,14
0.605,0.485,0.165,1.0735,0.437,0.205,0.33,14
0.645,0.5,0.19,1.229,0.524,0.278,0.395,17
0.62,0.5,0.175,1.146,0.477,0.23,0.39,13
0.605,0.485,0.175,1.145,0.4325,0.27,0.405,16
0.615,0.5,0.205,1.1055,0.4445,0.227,0.39,16
0.66,0.525,0.19,1.67,0.6525,0.4875,0.49,11
0.71,0.575,0.175,1.555,0.6465,0.3705,0.52,15
0.565,0.45,0.185,0.9285,0.302,0.1805,0.265,12
0.57,0.435,0.14,0.8085,0.3235,0.183,0.22,16
0.6,0.445,0.175,1.057,0.383,0.216,0.355,16
0.41,0.3,0.115,0.2595,0.097,0.0515,0.08,10
0.45,0.325,0.135,0.438,0.1805,0.1165,0.11,9
0.275,0.2,0.08,0.099,0.037,0.024,0.03,5
0.485,0.355,0.12,0.5085,0.21,0.122,0.135,9
0.62,0.485,0.165,1.166,0.483,0.238,0.355,13
0.48,0.38,0.135,0.507,0.1915,0.1365,0.155,12
0.505,0.41,0.15,0.6345,0.243,0.1335,0.215,17
0.4,0.31,0.11,0.314,0.138,0.057,0.1,11
0.45,0.355,0.115,0.4385,0.184,0.108,0.1125,11
0.35,0.26,0.09,0.195,0.0745,0.041,0.0655,9
0.44,0.35,0.14,0.451,0.171,0.0705,0.184,16
0.265,0.2,0.065,0.084,0.034,0.0105,0.03,7
0.165,0.125,0.04,0.0245,0.0095,0.0045,0.008,4
0.705,0.555,0.2,1.4685,0.4715,0.3235,0.52,19
0.535,0.425,0.155,0.7765,0.302,0.1565,0.25,16
0.49,0.385,0.14,0.5425,0.198,0.127,0.175,11
0.48,0.37,0.13,0.5885,0.2475,0.1505,0.1595,15
0.395,0.3,0.105,0.3375,0.1435,0.0755,0.098,12
0.375,0.28,0.1,0.2565,0.1165,0.0585,0.0725,12
0.345,0.265,0.09,0.163,0.0615,0.037,0.0485,10
0.55,0.415,0.135,0.8095,0.2985,0.2015,0.28,12
0.635,0.48,0.2,1.3655,0.6255,0.2595,0.425,16
0.575,0.475,0.17,0.967,0.3775,0.284,0.275,13
0.545,0.435,0.15,0.6855,0.2905,0.145,0.225,10
0.385,0.305,0.125,0.314,0.146,0.0555,0.08,10
0.51,0.34,0.18,0.7005,0.312,0.165,0.2,11
0.44,0.34,0.125,0.4895,0.1735,0.0875,0.2,13
0.45,0.36,0.125,0.45,0.191,0.0865,0.145,12
0.39,0.3,0.105,0.259,0.0955,0.038,0.085,8
0.425,0.325,0.135,0.382,0.1465,0.079,0.14,12
0.45,0.35,0.125,0.4435,0.185,0.09,0.145,11
0.66,0.525,0.18,1.6935,0.6025,0.4005,0.42,15
0.685,0.525,0.175,1.71,0.5415,0.309,0.58,16
0.54,0.405,0.15,0.7585,0.307,0.2075,0.19,10
0.33,0.245,0.085,0.171,0.0655,0.0365,0.055,11
0.305,0.225,0.07,0.1485,0.0585,0.0335,0.045,7
0.475,0.35,0.115,0.487,0.194,0.1455,0.125,13
0.515,0.4,0.125,0.955,0.341,0.2535,0.26,13
0.545,0.41,0.145,0.873,0.3035,0.196,0.31,18
0.74,0.535,0.185,1.65,0.734,0.4505,0.335,13
0.565,0.465,0.15,1.1285,0.377,0.3525,0.33,16
0.56,0.44,0.16,1.1115,0.5035,0.2785,0.26,10
0.545,0.42,0.125,0.9745,0.353,0.174,0.305,13
0.645,0.515,0.185,1.4605,0.5835,0.3155,0.41,19
0.575,0.435,0.13,1.0105,0.368,0.222,0.32,10
0.62,0.48,0.16,1.0765,0.412,0.253,0.3,13
0.605,0.45,0.165,1.2225,0.357,0.202,0.385,13
0.605,0.475,0.16,1.616,0.5495,0.332,0.34,18
0.475,0.375,0.15,0.559,0.1955,0.1215,0.1945,12
0.365,0.285,0.085,0.2205,0.0855,0.0515,0.07,9
0.46,0.35,0.115,0.44,0.19,0.1025,0.13,8
0.53,0.43,0.135,0.879,0.28,0.2165,0.25,10
0.48,0.395,0.15,0.6815,0.2145,0.1405,0.2495,18
0.455,0.345,0.15,0.5795,0.1685,0.125,0.215,13
0.35,0.265,0.11,0.209,0.066,0.059,0.075,9
0.37,0.28,0.105,0.224,0.0815,0.0575,0.075,8
0.34,0.25,0.075,0.1765,0.0785,0.0405,0.05,7
0.35,0.28,0.075,0.196,0.082,0.04,0.064,8
0.35,0.265,0.08,0.192,0.081,0.0465,0.053,6
0.39,0.315,0.09,0.3095,0.147,0.05,0.09,7
0.395,0.31,0.095,0.313,0.131,0.072,0.093,7
0.415,0.31,0.105,0.3595,0.167,0.083,0.0915,6
0.43,0.32,0.1,0.3855,0.192,0.0745,0.1,7
0.48,0.355,0.115,0.5785,0.25,0.106,0.184,8
0.49,0.395,0.12,0.674,0.3325,0.1235,0.185,9
0.49,0.37,0.105,0.5265,0.249,0.1005,0.148,7
0.56,0.465,0.16,1.0315,0.432,0.2025,0.337,9
0.56,0.45,0.14,0.9,0.472,0.182,0.218,7
0.58,0.46,0.15,1.0165,0.491,0.221,0.265,9
0.58,0.48,0.18,1.2495,0.4945,0.27,0.371,8
0.59,0.47,0.135,1.1685,0.539,0.279,0.28,8
0.595,0.475,0.165,1.148,0.444,0.214,0.37,10
0.6,0.475,0.15,1.089,0.5195,0.223,0.292,11
0.61,0.47,0.155,1.0325,0.497,0.2175,0.2785,9
0.63,0.475,0.15,1.172,0.536,0.254,0.316,11
0.64,0.51,0.17,1.3715,0.567,0.307,0.409,10
0.65,0.545,0.185,1.5055,0.6565,0.341,0.43,10
0.71,0.55,0.2,1.9045,0.882,0.44,0.5,13
0.74,0.605,0.2,2.4925,1.1455,0.575,0.5235,13
0.25,0.18,0.065,0.0805,0.0345,0.0185,0.0215,4
0.28,0.21,0.065,0.111,0.0425,0.0285,0.03,6
0.325,0.24,0.075,0.152,0.065,0.0305,0.045,6
0.35,0.265,0.095,0.199,0.073,0.049,0.06,5
0.36,0.27,0.09,0.219,0.097,0.0405,0.065,6
0.365,0.27,0.105,0.2155,0.0915,0.0475,0.063,6
0.37,0.28,0.09,0.2565,0.1255,0.0645,0.0645,6
0.375,0.285,0.09,0.257,0.1045,0.062,0.075,7
0.38,0.275,0.095,0.2505,0.0945,0.0655,0.075,6
0.395,0.3,0.09,0.279,0.134,0.049,0.075,8
0.43,0.335,0.105,0.378,0.188,0.0785,0.09,6
0.44,0.35,0.125,0.456,0.21,0.0955,0.131,8
0.465,0.37,0.1,0.5055,0.234,0.11,0.14,7
0.465,0.355,0.115,0.4705,0.1955,0.118,0.126,7
0.48,0.37,0.13,0.643,0.349,0.1155,0.135,8
0.485,0.37,0.1,0.513,0.219,0.1075,0.13,7
0.49,0.4,0.115,0.569,0.256,0.1325,0.145,9
0.495,0.4,0.145,0.578,0.2545,0.1305,0.1645,8
0.5,0.385,0.11,0.596,0.3015,0.104,0.151,8
0.505,0.39,0.12,0.5725,0.2555,0.1325,0.146,8
0.52,0.39,0.12,0.6435,0.2885,0.157,0.161,7
0.52,0.395,0.125,0.8115,0.4035,0.166,0.2,7
0.525,0.44,0.125,0.7115,0.3205,0.159,0.1915,7
0.55,0.44,0.155,0.9155,0.3645,0.195,0.25,8
0.555,0.44,0.145,0.8815,0.43,0.1975,0.2155,8
0.555,0.42,0.11,0.931,0.4445,0.171,0.225,8
0.575,0.46,0.165,1.065,0.4985,0.2145,0.2815,8
0.6,0.475,0.155,1.1385,0.502,0.2295,0.31,9
0.61,0.48,0.16,1.234,0.598,0.238,0.315,12
0.61,0.495,0.175,1.2635,0.53,0.315,0.3455,10
0.61,0.47,0.16,1.0745,0.4925,0.236,0.29,8
0.615,0.505,0.19,1.403,0.6715,0.2925,0.365,8
0.62,0.485,0.165,1.1325,0.5235,0.2505,0.2825,9
0.625,0.495,0.16,1.1115,0.4495,0.2825,0.345,11
0.625,0.47,0.17,1.255,0.525,0.2415,0.405,10
0.625,0.485,0.17,1.437,0.5855,0.293,0.475,11
0.635,0.495,0.155,1.3635,0.583,0.2985,0.295,10
0.64,0.48,0.195,1.1435,0.4915,0.2345,0.353,9
0.64,0.5,0.17,1.4545,0.642,0.3575,0.354,9
0.66,0.525,0.18,1.478,0.5815,0.381,0.372,10
0.665,0.52,0.165,1.6885,0.7295,0.407,0.4265,11
0.535,0.42,0.16,0.7465,0.348,0.1515,0.2185,10
0.55,0.44,0.16,0.985,0.4645,0.201,0.27,8
0.555,0.44,0.145,0.85,0.4165,0.1685,0.23,8
0.555,0.44,0.15,0.838,0.4155,0.146,0.23,8
0.555,0.43,0.135,0.812,0.4055,0.163,0.2215,9
0.56,0.415,0.13,0.7615,0.3695,0.17,0.1955,8
0.575,0.44,0.145,0.87,0.3945,0.2195,0.225,8
0.585,0.45,0.145,0.9835,0.4845,0.242,0.22,9
0.59,0.46,0.145,0.929,0.38,0.24,0.255,10
0.595,0.47,0.165,1.0155,0.491,0.1905,0.289,9
0.6,0.41,0.145,0.939,0.4475,0.196,0.268,8
0.6,0.475,0.16,1.164,0.5045,0.2635,0.335,12
0.61,0.47,0.175,1.214,0.5315,0.2835,0.325,10
0.615,0.49,0.19,1.1345,0.4695,0.257,0.348,11
0.62,0.51,0.18,1.233,0.592,0.274,0.322,10
0.625,0.495,0.18,1.0815,0.4715,0.254,0.3135,10
0.625,0.47,0.175,1.179,0.605,0.258,0.271,9
0.64,0.5,0.165,1.1635,0.554,0.239,0.32,11
0.64,0.475,0.175,1.1545,0.4865,0.341,0.288,9
0.645,0.52,0.175,1.3345,0.667,0.2665,0.355,10
0.65,0.505,0.18,1.469,0.7115,0.3335,0.38,9
0.655,0.52,0.18,1.492,0.7185,0.36,0.355,11
0.655,0.54,0.175,1.5585,0.7285,0.402,0.385,11
0.66,0.5,0.175,1.3275,0.556,0.2805,0.4085,9
0.67,0.525,0.18,1.6615,0.8005,0.3645,0.43,10
0.69,0.525,0.19,1.492,0.6425,0.3905,0.42,12
0.7,0.575,0.2,1.7365,0.7755,0.3965,0.461,11
0.7,0.56,0.175,1.6605,0.8605,0.3275,0.398,11
0.71,0.57,0.195,1.348,0.8985,0.4435,0.4535,11
0.715,0.545,0.18,1.7405,0.871,0.347,0.449,10
0.72,0.545,0.185,1.7185,0.7925,0.401,0.468,11
0.215,0.15,0.055,0.041,0.015,0.009,0.0125,3
0.24,0.185,0.06,0.0655,0.0295,0.0005,0.02,4
0.26,0.205,0.07,0.097,0.0415,0.019,0.0305,4
0.32,0.24,0.085,0.131,0.0615,0.0265,0.038,6
0.33,0.23,0.085,0.1695,0.079,0.026,0.0505,6
0.335,0.26,0.085,0.192,0.097,0.03,0.054,6
0.35,0.26,0.09,0.1765,0.072,0.0355,0.0575,7
0.35,0.265,0.085,0.1735,0.0775,0.034,0.056,6
0.36,0.265,0.075,0.1785,0.0785,0.035,0.054,6
0.36,0.265,0.09,0.2055,0.096,0.037,0.0585,7
0.365,0.275,0.09,0.2345,0.108,0.051,0.0625,7
0.38,0.285,0.09,0.2305,0.1005,0.039,0.0775,7
0.4,0.31,0.115,0.314,0.1545,0.0595,0.087,6
0.4,0.315,0.09,0.33,0.151,0.068,0.08,6
0.4,0.265,0.1,0.2775,0.1245,0.0605,0.08,9
0.425,0.325,0.11,0.405,0.1695,0.092,0.1065,8
0.715,0.52,0.18,1.6,0.708,0.3525,0.445,12
0.735,0.555,0.22,2.333,1.2395,0.3645,0.6195,12
0.175,0.125,0.04,0.028,0.0095,0.008,0.009,4
0.37,0.285,0.095,0.226,0.1135,0.0515,0.0675,8
0.395,0.3,0.09,0.2855,0.1385,0.0625,0.077,5
0.42,0.325,0.11,0.325,0.1245,0.0755,0.1025,7
0.455,0.37,0.11,0.514,0.2385,0.1235,0.126,8
0.495,0.375,0.115,0.5755,0.31,0.1145,0.1395,8
0.51,0.375,0.11,0.5805,0.2865,0.118,0.148,7
0.515,0.39,0.14,0.678,0.341,0.1325,0.119,8
0.545,0.43,0.155,0.8035,0.409,0.144,0.228,7
0.555,0.405,0.12,0.913,0.4585,0.196,0.2065,9
0.58,0.45,0.16,0.8675,0.3935,0.221,0.215,9
0.59,0.465,0.17,1.0425,0.4635,0.24,0.27,10
0.6,0.46,0.18,1.14,0.423,0.2575,0.365,10
0.61,0.49,0.17,1.3475,0.7045,0.25,0.3045,11
0.615,0.475,0.155,1.0735,0.4375,0.2585,0.31,11
0.615,0.475,0.19,1.4335,0.7315,0.305,0.3285,9
0.615,0.495,0.2,1.304,0.5795,0.3115,0.371,14
0.62,0.46,0.16,0.9505,0.4915,0.2,0.228,9
0.63,0.515,0.17,1.385,0.6355,0.2955,0.38,11
0.64,0.5,0.17,1.12,0.4955,0.2645,0.32,12
0.64,0.5,0.17,1.2645,0.565,0.3375,0.315,9
0.655,0.455,0.17,1.275,0.583,0.303,0.333,8
0.655,0.505,0.165,1.27,0.6035,0.262,0.335,10
0.66,0.53,0.175,1.583,0.7395,0.3505,0.405,10
0.665,0.5,0.175,1.4355,0.643,0.345,0.37,9
0.67,0.525,0.195,1.42,0.573,0.368,0.3905,10
0.69,0.53,0.19,1.5955,0.678,0.331,0.48,10
0.715,0.525,0.2,1.89,0.95,0.436,0.4305,10
0.735,0.565,0.225,2.037,0.87,0.5145,0.5675,13
0.27,0.205,0.05,0.084,0.03,0.0185,0.029,6
0.285,0.225,0.07,0.1005,0.0425,0.0185,0.035,7
0.295,0.22,0.085,0.1285,0.0585,0.027,0.0365,5
0.3,0.225,0.075,0.1345,0.057,0.028,0.044,5
0.3,0.22,0.065,0.1195,0.052,0.0155,0.035,5
0.36,0.265,0.085,0.1895,0.0725,0.0515,0.055,6
0.37,0.275,0.095,0.257,0.1015,0.055,0.0825,6
0.39,0.29,0.09,0.2745,0.135,0.0455,0.078,8
0.435,0.325,0.1,0.342,0.1335,0.0835,0.105,6
0.44,0.34,0.105,0.344,0.123,0.081,0.125,8
0.44,0.32,0.095,0.3275,0.1495,0.059,0.1,8
0.445,0.345,0.12,0.4035,0.169,0.0825,0.13,7
0.465,0.37,0.115,0.4075,0.1515,0.0935,0.1455,9
0.465,0.355,0.12,0.4975,0.2375,0.099,0.14,8
0.47,0.345,0.12,0.3685,0.1525,0.0615,0.125,8
0.475,0.365,0.105,0.4175,0.1645,0.099,0.127,7
0.475,0.335,0.1,0.4425,0.1895,0.086,0.135,9
0.475,0.35,0.125,0.4225,0.1905,0.079,0.1355,9
0.485,0.365,0.125,0.426,0.163,0.0965,0.151,8
0.49,0.39,0.12,0.511,0.2205,0.103,0.1745,9
0.515,0.405,0.13,0.573,0.213,0.134,0.195,9
0.52,0.415,0.14,0.6385,0.2945,0.1405,0.171,8
0.525,0.405,0.125,0.657,0.2985,0.1505,0.168,10
0.525,0.425,0.14,0.8735,0.4205,0.182,0.2225,10
0.53,0.425,0.13,0.781,0.3905,0.2005,0.215,9
0.53,0.42,0.14,0.6765,0.256,0.1855,0.208,9
0.53,0.41,0.125,0.769,0.346,0.173,0.215,9
0.53,0.395,0.125,0.6235,0.2975,0.108,0.195,11
0.535,0.405,0.14,0.7315,0.336,0.156,0.19,7
0.535,0.45,0.155,0.8075,0.3655,0.148,0.2595,10
0.545,0.41,0.14,0.737,0.349,0.15,0.212,9
0.545,0.41,0.125,0.654,0.2945,0.1315,0.205,10
0.55,0.415,0.15,0.7915,0.3535,0.176,0.236,10
0.55,0.45,0.14,0.753,0.3445,0.1325,0.24,8
0.55,0.4,0.135,0.717,0.3315,0.1495,0.221,9
0.555,0.43,0.15,0.783,0.345,0.1755,0.247,9
0.575,0.45,0.145,0.872,0.4675,0.18,0.217,9
0.575,0.44,0.15,0.983,0.486,0.215,0.239,8
0.585,0.42,0.155,1.034,0.437,0.2225,0.32,11
0.585,0.465,0.145,0.9855,0.4325,0.2145,0.2845,10
0.585,0.46,0.14,0.7635,0.326,0.153,0.265,9
0.59,0.465,0.135,0.9895,0.4235,0.199,0.28,8
0.595,0.47,0.135,0.9365,0.434,0.184,0.287,10
0.595,0.44,0.135,0.964,0.5005,0.1715,0.2575,10
0.595,0.46,0.155,1.0455,0.4565,0.24,0.3085,10
0.595,0.45,0.165,1.081,0.49,0.2525,0.279,12
0.6,0.47,0.16,1.012,0.441,0.2015,0.305,10
0.6,0.5,0.16,1.122,0.5095,0.256,0.309,10
0.605,0.49,0.165,1.1245,0.492,0.222,0.3555,11
0.605,0.49,0.15,1.1345,0.4305,0.2525,0.35,10
0.61,0.45,0.19,1.0805,0.517,0.2495,0.2935,10
0.61,0.495,0.165,1.0835,0.4525,0.273,0.317,9
0.615,0.47,0.175,1.242,0.5675,0.287,0.317,11
0.62,0.5,0.18,1.3915,0.726,0.2795,0.332,11
0.62,0.525,0.155,1.085,0.454,0.1965,0.35,10
0.62,0.47,0.155,0.966,0.447,0.171,0.284,11
0.62,0.48,0.165,1.0855,0.481,0.2575,0.305,10
0.625,0.485,0.135,1.3025,0.61,0.2675,0.3605,14
0.625,0.485,0.16,1.15,0.5255,0.257,0.3315,11
0.63,0.49,0.17,1.217,0.5515,0.212,0.31,11
0.63,0.505,0.195,1.306,0.516,0.3305,0.375,9
0.64,0.5,0.175,1.273,0.5065,0.2925,0.405,13
0.645,0.51,0.19,1.4865,0.6445,0.296,0.425,12
0.65,0.52,0.17,1.3655,0.6155,0.2885,0.36,11
0.65,0.495,0.17,1.276,0.6215,0.2305,0.399,11
0.65,0.495,0.16,1.2075,0.55,0.2695,0.32,10
0.65,0.52,0.195,1.281,0.5985,0.246,0.3825,10
0.65,0.525,0.205,1.4275,0.69,0.306,0.4355,13
0.65,0.51,0.175,1.155,0.4955,0.2025,0.385,12
0.65,0.51,0.175,1.35,0.575,0.3155,0.3885,10
0.65,0.525,0.19,1.3685,0.5975,0.296,0.4,11
0.66,0.53,0.17,1.431,0.622,0.309,0.398,10
0.66,0.51,0.18,1.261,0.5,0.2335,0.339,10
0.665,0.54,0.195,1.764,0.8505,0.3615,0.47,11
0.67,0.51,0.155,1.278,0.5605,0.3045,0.358,11
0.67,0.54,0.195,1.217,0.532,0.2735,0.3315,11
0.67,0.54,0.2,1.46,0.6435,0.328,0.4165,9
0.675,0.535,0.185,1.5575,0.7035,0.402,0.4,11
0.675,0.51,0.17,1.527,0.809,0.318,0.341,11
0.675,0.53,0.195,1.4985,0.62,0.375,0.425,9
0.685,0.55,0.19,1.885,0.89,0.41,0.4895,10
0.685,0.535,0.175,1.432,0.637,0.247,0.46,11
0.705,0.55,0.21,1.4385,0.655,0.3255,0.462,11
0.515,0.39,0.12,0.565,0.235,0.135,0.179,9
0.52,0.41,0.14,0.699,0.3395,0.129,0.1945,10
0.525,0.4,0.14,0.6055,0.2605,0.108,0.21,9
0.53,0.425,0.155,0.7905,0.307,0.171,0.2595,9
0.53,0.425,0.13,0.702,0.2975,0.1395,0.22,9
0.53,0.42,0.135,0.675,0.294,0.156,0.1825,10
0.53,0.395,0.115,0.475,0.2025,0.101,0.148,8
0.53,0.41,0.15,0.612,0.2435,0.1525,0.1895,11
0.535,0.4,0.145,0.705,0.3065,0.1365,0.22,10
0.535,0.45,0.135,0.728,0.2845,0.1845,0.265,9
0.555,0.44,0.14,0.846,0.346,0.1715,0.2735,10
0.555,0.46,0.16,0.86,0.3345,0.1935,0.275,10
0.56,0.465,0.145,0.8875,0.3345,0.22,0.2695,9
0.56,0.43,0.145,0.898,0.3895,0.2325,0.245,9
0.565,0.43,0.125,0.6545,0.2815,0.139,0.21,9
0.575,0.45,0.145,0.795,0.364,0.1505,0.26,10
0.575,0.465,0.12,1.0535,0.516,0.2185,0.235,9
0.575,0.46,0.15,0.927,0.333,0.207,0.2985,9
0.58,0.42,0.14,0.701,0.3285,0.102,0.2255,9
0.58,0.45,0.155,0.8275,0.321,0.1975,0.2445,8
0.585,0.42,0.155,0.9845,0.442,0.2155,0.2875,13
0.585,0.47,0.145,0.9565,0.4025,0.2365,0.265,9
0.59,0.45,0.125,0.86,0.437,0.1515,0.245,9
0.595,0.48,0.185,1.1785,0.526,0.2975,0.314,10
0.615,0.48,0.185,1.2205,0.4985,0.315,0.33,10
0.615,0.455,0.13,0.9685,0.49,0.182,0.2655,10
0.62,0.5,0.175,1.107,0.4895,0.24,0.343,11
0.62,0.48,0.18,1.1305,0.5285,0.2655,0.306,12
0.62,0.48,0.155,1.2555,0.527,0.374,0.3175,11
0.625,0.495,0.155,1.177,0.5055,0.278,0.345,9
0.625,0.5,0.185,1.2425,0.5995,0.248,0.335,10
0.63,0.49,0.16,1.09,0.407,0.224,0.354,12
0.63,0.475,0.15,1.072,0.433,0.2975,0.315,8
0.645,0.51,0.155,1.129,0.5015,0.24,0.342,10
0.65,0.505,0.175,1.2075,0.5105,0.262,0.39,10
0.65,0.495,0.175,1.227,0.528,0.258,0.37,11
0.655,0.52,0.175,1.472,0.6275,0.27,0.45,13
0.665,0.525,0.18,1.5785,0.678,0.229,0.456,14
0.67,0.52,0.175,1.4755,0.6275,0.379,0.374,10
0.675,0.54,0.175,1.5545,0.6645,0.278,0.512,12
0.675,0.54,0.21,1.593,0.686,0.318,0.45,11
0.695,0.58,0.2,1.8995,0.675,0.478,0.5295,13
0.695,0.535,0.175,1.361,0.5465,0.2815,0.465,10
0.705,0.56,0.17,1.4575,0.607,0.318,0.44,11
0.74,0.58,0.205,2.381,0.8155,0.4695,0.488,12
0.205,0.155,0.045,0.0495,0.0235,0.011,0.014,3
0.305,0.23,0.075,0.1455,0.0595,0.0305,0.05,6
0.32,0.23,0.06,0.129,0.0615,0.0275,0.0355,7
0.355,0.27,0.1,0.2255,0.11,0.042,0.064,7
0.425,0.305,0.11,0.359,0.173,0.0875,0.0975,9
0.425,0.31,0.095,0.3505,0.1645,0.071,0.1,8
0.45,0.365,0.115,0.5885,0.318,0.121,0.1325,8
0.515,0.385,0.13,0.623,0.2855,0.1285,0.175,10
0.52,0.375,0.135,0.5375,0.221,0.117,0.17,8
0.525,0.4,0.125,0.5655,0.2435,0.119,0.175,8
0.555,0.445,0.13,0.8625,0.4225,0.155,0.24,9
0.61,0.49,0.17,1.137,0.4605,0.2825,0.344,12
0.35,0.26,0.095,0.221,0.0985,0.043,0.07,8
0.38,0.275,0.095,0.2425,0.106,0.0485,0.21,6
0.46,0.34,0.1,0.386,0.1805,0.0875,0.0965,8
0.465,0.355,0.12,0.5315,0.2725,0.097,0.1395,8
0.475,0.385,0.12,0.562,0.289,0.0905,0.153,8
0.565,0.445,0.14,0.836,0.406,0.1605,0.2245,9
0.57,0.45,0.14,0.9275,0.477,0.1605,0.2515,8
0.57,0.44,0.145,0.8815,0.3605,0.1955,0.2735,10
0.595,0.46,0.155,1.03,0.4275,0.207,0.3305,10
0.605,0.48,0.175,1.1685,0.4815,0.2305,0.356,9
0.615,0.455,0.135,1.059,0.4735,0.263,0.274,9
0.62,0.46,0.17,1.127,0.535,0.2635,0.296,7
0.625,0.47,0.17,1.1665,0.4605,0.2565,0.3945,11
0.68,0.52,0.185,1.541,0.5985,0.395,0.4575,10
0.68,0.54,0.195,1.7825,0.5565,0.3235,0.4285,11
0.68,0.52,0.175,1.543,0.7525,0.351,0.374,11
0.71,0.555,0.17,1.47,0.5375,0.38,0.431,12
0.5,0.385,0.12,0.6335,0.2305,0.125,0.235,14
0.545,0.42,0.175,0.754,0.256,0.1775,0.275,10
0.46,0.365,0.115,0.4485,0.165,0.083,0.17,14
0.535,0.41,0.15,0.8105,0.345,0.187,0.24,11
0.335,0.26,0.075,0.22,0.0855,0.04,0.085,6
0.425,0.35,0.1,0.4425,0.175,0.0755,0.175,7
0.41,0.325,0.1,0.3555,0.146,0.072,0.105,9
0.17,0.105,0.035,0.034,0.012,0.0085,0.005,4
0.335,0.25,0.095,0.185,0.0795,0.0495,0.055,8
0.52,0.425,0.125,0.79,0.372,0.205,0.19,8
0.53,0.41,0.145,0.8255,0.375,0.204,0.245,9
0.5,0.42,0.125,0.62,0.255,0.15,0.205,11
0.615,0.475,0.145,0.9525,0.3915,0.195,0.32,9
0.575,0.45,0.16,0.955,0.44,0.1685,0.27,16
0.57,0.45,0.155,0.91,0.326,0.1895,0.355,14
0.455,0.35,0.105,0.416,0.1625,0.097,0.145,11
0.37,0.275,0.085,0.2045,0.096,0.056,0.08,6
0.445,0.37,0.125,0.515,0.2495,0.087,0.159,9
0.675,0.535,0.22,1.604,0.6175,0.4255,0.453,14
0.385,0.3,0.115,0.3435,0.1645,0.085,0.1025,6
0.375,0.295,0.11,0.3005,0.1255,0.0575,0.1035,7
0.56,0.44,0.13,0.8255,0.2425,0.202,0.285,10
0.55,0.41,0.15,0.785,0.282,0.186,0.275,12
0.57,0.465,0.155,0.9685,0.446,0.261,0.255,9
0.485,0.4,0.155,0.731,0.236,0.183,0.255,11
0.41,0.335,0.115,0.4405,0.19,0.085,0.135,8
0.335,0.255,0.085,0.1785,0.071,0.0405,0.055,9
0.655,0.515,0.2,1.373,0.443,0.3375,0.49,16
0.565,0.45,0.165,0.9765,0.322,0.244,0.37,12
0.57,0.44,0.19,1.018,0.447,0.207,0.265,9
0.52,0.41,0.16,0.712,0.2845,0.153,0.225,10
0.615,0.46,0.19,1.066,0.4335,0.226,0.33,13
0.645,0.49,0.19,1.3065,0.479,0.3565,0.345,18
0.565,0.43,0.135,0.8545,0.321,0.1775,0.275,11
0.295,0.23,0.085,0.125,0.042,0.0285,0.043,8
0.375,0.28,0.095,0.2225,0.0875,0.043,0.08,10
0.525,0.4,0.14,0.6955,0.2405,0.16,0.253,10
0.395,0.28,0.08,0.266,0.0995,0.066,0.09,12
0.5,0.4,0.165,0.7105,0.27,0.1455,0.225,20
0.47,0.35,0.115,0.487,0.1955,0.127,0.155,8
0.58,0.42,0.16,0.728,0.2725,0.19,0.19,14
0.5,0.38,0.155,0.6675,0.2745,0.156,0.18,12
0.725,0.55,0.22,2.0495,0.7735,0.4405,0.655,10
0.65,0.515,0.215,1.498,0.564,0.323,0.425,16
0.67,0.535,0.185,1.597,0.6275,0.35,0.47,21
0.55,0.44,0.165,0.8605,0.312,0.169,0.3,17
0.49,0.37,0.115,0.541,0.171,0.1175,0.185,11
0.235,0.18,0.06,0.058,0.022,0.0145,0.018,6
0.235,0.175,0.08,0.0645,0.0215,0.0175,0.0215,5
0.52,0.41,0.115,0.77,0.263,0.157,0.26,11
0.475,0.4,0.115,0.541,0.186,0.1025,0.21,13
0.53,0.425,0.11,0.739,0.237,0.161,0.295,13
0.35,0.275,0.065,0.205,0.0745,0.0465,0.07,10
0.555,0.42,0.145,0.8695,0.3075,0.2575,0.25,14
0.505,0.39,0.105,0.6555,0.2595,0.18,0.19,11
0.54,0.44,0.16,1.0905,0.391,0.2295,0.355,15
0.52,0.41,0.14,0.5995,0.242,0.1375,0.182,11
0.54,0.42,0.14,0.74,0.3595,0.159,0.1985,8
0.54,0.415,0.155,0.702,0.322,0.167,0.19,10
0.55,0.445,0.125,0.672,0.288,0.1365,0.21,11
0.56,0.44,0.155,0.811,0.3685,0.178,0.235,11
0.575,0.45,0.12,0.9585,0.447,0.169,0.275,12
0.575,0.45,0.15,0.858,0.449,0.166,0.215,10
0.575,0.46,0.165,0.9575,0.4815,0.1945,0.236,10
0.58,0.46,0.135,0.926,0.4025,0.208,0.275,8
0.58,0.425,0.155,0.873,0.3615,0.249,0.239,10
0.59,0.45,0.16,0.998,0.445,0.214,0.301,9
0.6,0.46,0.155,0.6655,0.285,0.149,0.269,11
0.62,0.485,0.145,1.003,0.4655,0.2195,0.28,11
0.625,0.495,0.16,1.234,0.6335,0.192,0.35,13
0.625,0.495,0.155,1.025,0.46,0.1945,0.34,9
0.625,0.495,0.175,1.2935,0.5805,0.317,0.355,9
0.625,0.5,0.175,1.0565,0.4615,0.258,0.305,10
0.625,0.47,0.145,1.7855,0.675,0.247,0.3245,13
0.625,0.485,0.165,1.2255,0.5075,0.296,0.36,10
0.635,0.5,0.18,1.2565,0.539,0.292,0.35,10
0.645,0.5,0.15,1.159,0.4675,0.3355,0.31,9
0.645,0.51,0.165,1.403,0.5755,0.2515,0.4545,11
0.69,0.535,0.185,1.826,0.797,0.409,0.499,11
0.695,0.56,0.185,1.7715,0.8195,0.331,0.437,10
0.515,0.39,0.12,0.6125,0.302,0.1365,0.1415,8
0.545,0.405,0.13,0.658,0.327,0.1445,0.174,8
0.62,0.465,0.145,0.911,0.375,0.2145,0.278,10
0.63,0.49,0.15,1.1955,0.5845,0.257,0.3,9
0.63,0.515,0.16,1.336,0.553,0.3205,0.35,11
0.64,0.49,0.18,1.36,0.653,0.347,0.305,9
0.37,0.275,0.08,0.2325,0.093,0.056,0.072,6
0.395,0.31,0.085,0.317,0.153,0.0505,0.0935,7
0.4,0.3,0.115,0.318,0.1335,0.0725,0.0935,6
0.41,0.305,0.1,0.2645,0.1,0.0655,0.085,7
0.455,0.335,0.105,0.4055,0.175,0.092,0.1185,8
0.48,0.335,0.125,0.524,0.246,0.1095,0.145,7
0.485,0.375,0.11,0.464,0.2015,0.09,0.149,8
0.5,0.36,0.12,0.439,0.1875,0.1055,0.1305,8
0.515,0.395,0.125,0.5805,0.2365,0.1075,0.19,9
0.52,0.4,0.14,0.622,0.278,0.1455,0.169,8
0.545,0.45,0.15,0.7805,0.3795,0.1625,0.216,8
0.545,0.43,0.14,0.772,0.289,0.19,0.2615,8
0.55,0.435,0.125,0.741,0.348,0.1585,0.206,9
0.55,0.43,0.18,0.8265,0.4405,0.159,0.225,10
0.55,0.385,0.13,0.7275,0.343,0.1625,0.19,8
0.555,0.43,0.125,0.7005,0.3395,0.1355,0.2095,8
0.56,0.45,0.145,0.9355,0.425,0.1645,0.2725,11
0.565,0.465,0.15,1.1815,0.581,0.2215,0.3095,9
0.57,0.445,0.16,1.0145,0.516,0.164,0.3,10
0.575,0.48,0.17,1.1,0.506,0.2485,0.31,10
0.585,0.51,0.16,1.218,0.639,0.241,0.3,11
0.59,0.45,0.155,0.874,0.369,0.2135,0.24,8
0.595,0.475,0.155,0.984,0.4865,0.184,0.2755,10
0.6,0.47,0.13,1.0105,0.423,0.219,0.298,9
0.61,0.365,0.155,1.0765,0.488,0.249,0.27,9
0.615,0.475,0.205,1.337,0.5995,0.2815,0.37,11
0.625,0.5,0.18,1.3705,0.645,0.303,0.3705,12
0.625,0.49,0.19,1.7015,0.7465,0.4105,0.3855,11
0.63,0.485,0.18,1.2435,0.5175,0.308,0.37,11
0.63,0.53,0.175,1.4135,0.667,0.2945,0.3555,13
0.635,0.485,0.155,1.073,0.467,0.1975,0.35,11
0.635,0.5,0.175,1.477,0.684,0.3005,0.39,12
0.635,0.5,0.18,1.2915,0.594,0.2695,0.37,9
0.65,0.495,0.16,1.3105,0.577,0.3315,0.355,9
0.67,0.525,0.18,1.4915,0.728,0.343,0.381,9
0.675,0.52,0.175,1.494,0.7365,0.3055,0.37,9
0.675,0.51,0.15,1.1965,0.475,0.304,0.386,11
0.68,0.545,0.185,1.672,0.7075,0.364,0.48,11
0.7,0.545,0.215,1.9125,0.8825,0.4385,0.506,10
0.71,0.545,0.175,1.907,0.8725,0.4565,0.475,11
0.715,0.565,0.18,1.79,0.844,0.3535,0.5385,9
0.72,0.59,0.205,1.7495,0.7755,0.4225,0.48,11
0.42,0.305,0.1,0.3415,0.1645,0.0775,0.086,7
0.48,0.35,0.1,0.519,0.2365,0.1275,0.126,7
0.48,0.365,0.13,0.5305,0.2405,0.127,0.139,8
0.51,0.41,0.155,1.2825,0.569,0.291,0.3795,9
0.515,0.4,0.14,0.7165,0.3495,0.1595,0.1785,8
0.56,0.42,0.18,1.6645,0.7755,0.35,0.4525,9
0.56,0.42,0.14,0.837,0.414,0.214,0.2,8
0.57,0.45,0.15,0.9645,0.531,0.189,0.209,9
0.605,0.465,0.155,1.1,0.547,0.2665,0.2585,10
0.625,0.48,0.16,1.2415,0.6575,0.2625,0.2785,9
0.64,0.505,0.175,1.3185,0.6185,0.302,0.3315,9
0.65,0.525,0.185,1.3455,0.586,0.278,0.3865,9
0.3,0.215,0.05,0.1185,0.048,0.0225,0.042,4
0.35,0.265,0.09,0.197,0.073,0.0365,0.077,7
0.455,0.35,0.13,0.4725,0.215,0.0745,0.15,9
0.46,0.365,0.11,0.4495,0.1755,0.102,0.15,8
0.49,0.375,0.115,0.557,0.2275,0.1335,0.1765,8
0.5,0.385,0.12,0.516,0.197,0.1305,0.165,8
0.54,0.415,0.135,0.709,0.3195,0.174,0.185,9
0.55,0.42,0.145,0.7385,0.321,0.1485,0.252,11
0.55,0.445,0.11,0.7935,0.378,0.142,0.26,10
0.555,0.435,0.145,0.9205,0.404,0.2275,0.255,8
0.57,0.425,0.14,0.7655,0.331,0.14,0.24,10
0.58,0.45,0.14,0.824,0.3465,0.1765,0.263,10
0.58,0.425,0.145,0.83,0.379,0.1605,0.2575,11
0.585,0.47,0.17,0.985,0.3695,0.2395,0.315,10
0.585,0.45,0.15,0.997,0.4055,0.283,0.251,11
0.595,0.455,0.14,0.914,0.3895,0.2225,0.271,9
0.6,0.5,0.17,1.13,0.4405,0.267,0.335,11
0.615,0.495,0.155,1.0805,0.52,0.19,0.32,9
0.63,0.505,0.155,1.105,0.492,0.226,0.325,11
0.63,0.49,0.155,1.229,0.535,0.29,0.335,11
0.635,0.495,0.175,1.2355,0.5205,0.3085,0.347,10
0.645,0.535,0.19,1.2395,0.468,0.2385,0.424,10
0.65,0.505,0.165,1.357,0.5725,0.281,0.43,11
0.655,0.525,0.18,1.402,0.624,0.2935,0.365,13
0.655,0.5,0.22,1.359,0.642,0.3255,0.405,13
0.67,0.535,0.19,1.669,0.7465,0.2935,0.508,11
0.67,0.525,0.2,1.7405,0.6205,0.297,0.657,11
0.695,0.53,0.21,1.51,0.664,0.4095,0.385,10
0.695,0.55,0.195,1.6645,0.727,0.36,0.445,11
0.77,0.605,0.175,2.0505,0.8005,0.526,0.355,11
0.28,0.215,0.07,0.124,0.063,0.0215,0.03,6
0.33,0.23,0.08,0.14,0.0565,0.0365,0.046,7
0.35,0.25,0.075,0.1695,0.0835,0.0355,0.041,6
0.37,0.28,0.09,0.218,0.0995,0.0545,0.0615,7
0.43,0.315,0.115,0.384,0.1885,0.0715,0.11,8
0.435,0.33,0.095,0.393,0.219,0.075,0.0885,6
0.44,0.35,0.11,0.3805,0.1575,0.0895,0.115,6
0.475,0.37,0.11,0.4895,0.2185,0.107,0.146,8
0.475,0.36,0.14,0.5135,0.241,0.1045,0.155,8
0.48,0.355,0.11,0.4495,0.201,0.089,0.14,8
0.56,0.44,0.135,0.8025,0.35,0.1615,0.259,9
0.585,0.475,0.165,1.053,0.458,0.217,0.3,11
0.585,0.455,0.17,0.9945,0.4255,0.263,0.2845,11
0.385,0.255,0.1,0.3175,0.137,0.068,0.092,8
0.39,0.31,0.085,0.344,0.181,0.0695,0.079,7
0.39,0.29,0.1,0.2845,0.1255,0.0635,0.081,7
0.405,0.3,0.085,0.3035,0.15,0.0505,0.088,7
0.475,0.365,0.115,0.499,0.232,0.0885,0.156,10
0.5,0.38,0.125,0.577,0.269,0.1265,0.1535,9
0.515,0.4,0.125,0.615,0.2865,0.123,0.1765,8
0.52,0.385,0.165,0.791,0.375,0.18,0.1815,10
0.55,0.43,0.13,0.8395,0.3155,0.1955,0.2405,10
0.56,0.43,0.155,0.8675,0.4,0.172,0.229,8
0.565,0.45,0.165,0.887,0.37,0.239,0.249,11
0.59,0.44,0.135,0.966,0.439,0.2145,0.2605,10
0.6,0.475,0.205,1.176,0.5255,0.2875,0.308,9
0.625,0.485,0.15,1.0945,0.531,0.261,0.296,10
0.71,0.555,0.195,1.9485,0.9455,0.3765,0.495,12
