Height ,Weight
58.40690493,121.3383226
59.38064956,136.3910055
61.31452528,149.8770657
61.46101309,135.5111157
61.5141294,136.4715106
61.67848102,156.4454748
61.74065772,140.0099786
61.76725898,146.3969727
61.773522,149.5148392
61.79532636,135.8944475
61.83484916,143.4214618
61.93732327,147.2636865
61.97668615,137.6665269
62.02804334,149.2312843
62.06383584,175.0711714
62.17833122,145.8988424
62.18292852,152.7918283
62.20882862,130.8380738
62.25863646,129.2919824
62.27340148,154.2806907
62.29469492,149.4972517
62.34671605,139.1966211
62.34831799,150.7219877
62.41843392,162.5416914
62.96001133,154.4345083
63.00004749,165.5559659
63.00618017,151.3505719
63.00957342,135.6308771
63.03416983,131.8007029
63.05530147,157.4379016
63.09448322,154.8888953
63.12192679,153.9447313
63.15013091,154.801973
63.15427226,119.2428559
63.17484691,139.9020711
63.17565499,139.1329764
63.18364112,148.618674
63.19653037,162.4297274
63.2183603,142.1588827
63.23447823,159.1682324
63.2731515,143.2486718
63.27589919,164.5538549
63.36976449,141.9017774
63.39315884,136.6726435
63.40042323,185.188138
63.4089479,163.0743534
63.41458714,160.1406156
63.41516589,156.1292328
63.47241419,141.0968249
63.49209925,160.490301
63.52619373,154.1243308
63.52963424,156.7892932
63.54636972,150.3466585
63.57141145,144.815032
63.5771769,156.8204149
63.61281112,155.4332466
63.61501878,160.7876538
63.61748963,168.9448977
63.61871729,162.6749752
63.63123134,158.6858769
63.63948265,163.2579018
63.648144,160.8751088
63.65150825,159.604267
63.67128785,161.5786407
63.70136456,169.759771
63.72025952,156.769607
63.74472687,146.1592111
63.75082807,154.6660087
63.75414887,156.4606329
63.95622575,152.6458481
63.95849617,138.5765641
63.96253068,168.3494568
63.9777045,142.3437116
63.97866126,158.2074096
64.03168839,157.8504266
64.39848323,146.6838456
64.41152936,158.5793973
64.41603493,158.0881777
64.43069589,168.7956146
64.43737535,166.4902194
64.44509767,138.0926359
64.44838768,162.6190973
64.45121158,147.0446574
64.45785785,158.9166993
64.4613459,158.9004343
64.4645503,157.3104807
64.48539029,159.3786296
64.48592906,160.6776326
64.49772595,169.8410156
64.49971018,164.7231305
64.50621045,164.5003666
64.52084746,171.3034951
64.53373761,153.5834533
64.53903978,157.1292772
64.54897202,148.7874713
64.56082848,161.8897691
64.56436382,164.8884348
64.57101734,167.4441401
64.57289686,176.718917
64.57507562,160.165791
64.57731204,150.1834743
64.58526339,157.5566115
64.58725609,158.3740869
64.59445871,161.6361003
64.60060054,165.4633524
64.60104553,140.1959633
64.60809855,172.3159674
64.61397563,153.2812122
64.61851288,169.0211007
64.63663123,162.4070267
64.63837415,172.5013209
64.63944884,165.0713967
64.66523194,166.969204
64.68023132,176.074223
64.68290848,160.7898642
64.68669106,157.0168086
64.69929448,155.6642553
64.70379212,155.8781942
64.70895406,184.4266109
64.72162222,150.6194572
64.72625594,143.3475655
64.72961551,161.9524312
64.73442436,166.5011147
64.73708904,150.0508128
64.73733872,161.6502445
64.73910085,171.3900332
64.73981548,169.6540541
64.74617432,176.948433
64.76225938,177.2248263
64.76656601,159.0765877
64.76837226,169.8987329
64.7784802,158.1725501
64.78258298,165.6116262
64.7847326,173.9005107
64.79438867,153.6261196
64.80354222,185.2595306
64.80414049,165.6044904
64.80530289,147.3633503
64.80862144,162.3795406
64.8127073,163.4281217
64.81500852,159.9404171
64.82115564,158.8772736
64.82117138,166.7768379
64.82150387,166.1296141
64.82807152,146.9545159
64.84516155,154.4411225
64.84630137,157.7184384
64.86827183,163.1982061
64.8709114,154.935692
64.87257058,162.3102783
64.87420147,172.8187161
65.00189643,157.5590241
65.00540618,152.8013107
65.01090452,157.6114698
65.0310335,154.8411421
65.03410216,163.9955934
65.04122113,163.0041411
65.04244709,178.3016003
65.04544401,147.6602601
65.05658853,173.4347623
65.05718061,150.5808782
65.07596693,149.3338943
65.07775246,177.715215
65.07790189,165.3138068
65.07828939,163.6724806
65.0785235,174.7435096
65.09066143,152.5247924
65.09196082,160.4707359
65.09265639,167.433533
65.09406453,165.862943
65.09963565,180.7937105
65.10205207,156.6584597
65.10293487,159.1047536
65.1054427,149.1069188
65.1111161,183.8622633
65.11617204,153.1280671
65.11850428,178.1349452
65.11934931,165.8390452
65.12404195,170.0561818
65.12689384,167.3002557
65.1341657,138.6548279
65.14231429,171.6167099
65.14868762,140.5127924
65.18093656,169.4596309
65.18470087,166.7385547
65.18612139,165.0280126
65.18656942,172.4536916
65.1939877,156.2861991
65.19886332,147.3602703
65.20348068,158.6645552
65.20452194,177.0496586
65.20653293,163.6335966
65.21339181,158.8518048
65.21669635,166.0935039
65.21857558,185.4677884
65.21912499,155.1375509
65.22037867,161.7195698
65.22082048,158.9871861
65.22469166,160.8360745
65.22709704,167.1154588
65.2316637,176.9299813
65.23410167,167.3729801
65.23984541,167.4531722
65.24163708,152.2236965
65.24414341,159.5032198
65.25247915,156.0105758
65.25256635,170.5227456
65.25560915,145.3352606
65.27034552,168.6177462
65.27156257,156.5798027
65.27930021,155.2504207
65.28274066,163.9576346
65.28591322,161.1482346
65.28602551,161.4200817
65.29891515,162.8182755
65.31170819,167.3277028
65.31599882,189.4207282
65.32533032,163.0551423
65.32733671,171.762518
65.34320327,155.7293803
65.34370557,166.9585605
65.34446344,174.258683
65.34676791,162.6877103
65.34858963,156.2748014
65.35041056,146.7397976
65.44092231,144.1320269
65.44212558,169.3797096
65.44827026,157.1032324
65.45246396,174.9103282
65.45585482,161.3282278
65.45803071,173.8162611
65.4808581,150.2923072
65.48267083,174.5290565
65.49726246,175.4272478
65.50482269,161.7450708
65.51073389,157.2050253
65.5200758,166.4221092
65.52163299,159.936436
65.52885655,184.4281991
65.53069597,172.114312
65.53179963,177.6182243
65.53876848,158.7031413
65.54030251,145.9135449
65.54912127,178.4481797
65.55142428,175.8986269
65.55975419,163.0116921
65.56187402,172.8081294
65.56280415,162.5219156
65.56610136,162.3742323
65.59430176,171.224027
65.59461283,162.2915973
65.59991303,165.2295227
65.60017843,146.3343794
65.60554554,190.0054149
65.60876846,152.9130637
65.62990179,179.995124
65.6408449,154.5031784
65.64174928,156.2881684
65.64191854,170.2141085
65.65692057,163.1951164
65.65950483,151.6274343
65.66112437,169.9587892
65.66251181,170.932864
65.66451791,166.4436809
65.67307695,181.5956312
65.67364341,170.0627941
65.68265507,180.4904399
65.6942936,150.9606196
65.70453903,173.058823
65.71360843,167.8287603
66.00196773,165.1677228
66.00806744,167.0116321
66.01759167,174.6121001
66.02230554,167.3788165
66.029034,168.64081
66.03017594,168.875994
66.03495575,160.1937638
66.03644481,172.140801
66.04426807,170.7987439
66.05437722,162.5170726
66.05755164,167.9820225
66.05763381,164.4705039
66.06513673,178.588954
66.06711526,167.4857955
66.0675479,153.0566577
66.07113961,162.2018404
66.0745536,178.3320496
66.07553682,182.4280025
66.07669579,171.2929754
66.07995899,175.5477079
66.08944952,166.5066409
66.09017738,161.1934326
66.09035701,170.0064451
66.0943193,175.6487627
66.09757603,163.6414961
66.10603795,170.2623061
66.10890245,182.8753489
66.11324199,172.4030194
66.11579969,171.3866592
66.1166446,146.189967
66.11876309,184.1305417
66.13417537,162.6827288
66.13539142,166.3638187
66.14161348,170.8980278
66.14169711,165.9974342
66.14586787,202.1302741
66.14773847,183.9350701
66.14878316,170.7937785
66.15283785,168.2636728
66.17145826,149.9990757
66.17587032,176.4793431
66.18187867,156.4908907
66.18357528,180.1120604
66.18398071,171.5619069
66.1902381,170.414341
66.19375973,176.0196216
66.19800895,165.9333275
66.20961729,182.9464191
66.21243372,176.7479097
66.21466375,180.5753341
66.22625309,166.0526409
66.22747932,180.9035759
66.22768493,169.2503432
66.22909563,156.6766747
66.24281665,161.6803834
66.246099,191.6367141
66.25215051,170.1094996
66.25471359,179.2525819
66.25522505,176.4862269
66.26282004,162.7795834
66.26705648,163.6381507
66.27025725,159.0089916
66.27341701,178.6142906
66.27613841,174.2097641
66.28230172,163.8364392
66.28605288,191.2791634
66.29642277,176.2527996
66.29944081,159.2359878
66.29972587,150.1493613
66.30707054,162.5060369
66.31457674,148.2657302
66.31623192,170.5938581
66.32096748,167.2146255
66.32495358,166.6155385
66.32659676,163.7471546
66.32751733,166.0797083
66.32769905,156.6060464
66.32905726,175.6835879
66.34013916,179.7716954
66.34148305,166.1074671
66.34220885,165.6993918
66.34307264,171.6901249
66.35133111,171.6851696
66.35154132,171.9637924
66.35174153,160.3727387
66.35813705,173.3559279
66.35950612,166.1228608
66.36163569,153.3216862
66.36754046,166.4018862
66.37278211,167.9644596
66.37399493,167.784391
66.37461836,166.9234129
66.37565644,175.6913553
66.37651933,179.4688864
66.38143543,172.7359083
66.38332,183.2393559
66.38423193,162.0170302
66.38977872,165.4998067
66.39230649,188.1919959
66.39285493,186.0666781
66.40224967,165.5684991
66.40871891,177.1464187
66.41622584,177.6768805
66.41641417,193.6010915
66.42377534,167.3932551
66.42424798,169.4056189
66.42865193,176.2182046
66.43368365,173.9950068
66.441377,185.9954706
66.44514693,163.2933867
66.45203849,174.9138167
66.45444119,162.8110818
66.45560214,188.9748473
66.45689878,166.6846488
66.46344464,169.9651516
66.46704142,164.3180448
66.46737814,180.7659086
66.46802469,180.4638273
66.46921907,185.6925553
66.47184446,175.3891518
66.47256343,178.3021983
66.47328059,176.6005297
66.48159749,165.5890975
66.48310643,169.6114736
66.48723135,176.0090834
66.48826617,170.9898326
66.4995499,163.3095283
66.49982259,162.6243273
66.50289891,161.7571761
66.6432469,167.8135015
66.65616417,168.0140297
66.65652059,172.9379579
66.65876334,183.1715278
66.66110311,184.4704428
66.66156475,172.0145383
66.66872691,157.4881832
66.66880027,175.1927208
66.66977504,180.4687419
66.67387098,174.1592636
66.67568272,169.2539402
66.68582515,179.2976843
66.68706964,169.2073232
66.69267129,158.733412
66.69530922,155.1289645
66.69960604,177.2924766
66.70032038,164.0342193
66.70347964,189.4300286
66.70498045,164.179486
66.71039099,174.9901118
66.71395004,170.0654795
66.72049284,169.6840868
66.72444457,182.1984059
66.72468017,185.3139113
66.72832039,167.7949639
66.72991606,164.9077618
66.73075455,174.156893
66.7379274,193.7262785
66.74447747,154.1268504
66.74727349,156.0972667
66.75172356,166.3662646
66.75241965,176.1002667
66.75286629,163.6906888
66.75337009,181.9234219
66.75521912,141.6749768
66.75602922,165.9897821
66.76546742,168.0745119
66.77872373,158.7158702
66.7821873,176.6119929
66.78580356,186.3047356
66.78692724,165.4312422
66.78746728,172.1754663
66.79047945,186.9303705
66.79400775,165.2596432
66.79603649,161.5855911
66.80071892,174.9881905
66.80124098,175.0437555
66.80128588,182.7750121
66.80502561,174.3354906
66.80584984,176.5658186
66.81402603,186.3248398
66.81925072,178.1690905
66.82084589,179.8015682
66.82274398,189.2361038
66.82276322,166.1711851
66.8231542,173.6107366
66.83885298,170.0777665
66.85411068,180.5443766
66.85487891,164.7011036
66.85671744,169.3758208
66.86186129,175.7972754
66.8672457,166.3981217
66.87187788,170.3239575
66.87303445,173.0613404
66.87490671,168.4496836
66.87778335,186.8809599
66.87828609,172.2853075
66.87851578,175.366252
66.88131426,173.5546451
66.88781934,187.5816273
66.88782311,181.5670857
66.88824948,174.0868757
66.89123829,191.1029893
66.89231469,186.2040058
66.89699151,177.5734465
66.90121174,168.8635485
66.90478234,164.3599627
66.90883423,195.4051954
66.90883737,181.9962868
66.91186328,166.9015146
66.9168323,160.4322106
66.92343676,173.6342571
66.92826664,164.2301968
66.93307845,151.1991529
66.93341356,183.0853756
66.93465049,175.0406653
66.93745187,169.4503939
66.93862649,175.9426067
66.944999,171.1050044
66.94959112,166.4413849
66.96626801,166.4332448
66.97028641,180.6366889
66.97515201,188.0247181
66.97666791,193.8237781
66.98353564,173.6635731
66.98812871,176.1987252
66.99014053,160.1789715
66.99094408,169.7377074
66.99116742,159.7616564
66.99586413,166.5673594
66.99688275,164.943303
67.00135021,183.8267586
67.00180414,165.6033214
67.00355583,171.5365546
67.00407627,190.5555924
67.0085794,168.9267944
67.01218541,166.6316658
67.01379497,199.1954001
67.01382842,176.4652113
67.10706563,186.8791928
67.11027101,194.7523537
67.11287612,175.7763501
67.11436084,170.7891625
67.116259,180.8252205
67.11787407,178.2665434
67.12150305,167.1915272
67.12315343,147.5379562
67.12613559,170.043605
67.12928651,177.719799
67.12949751,155.5207128
67.13344429,175.1523728
67.13854961,171.8769664
67.14350957,165.1439238
67.14452992,185.7878654
67.14466735,171.2077789
67.14815944,182.031248
67.15186394,183.6898262
67.15564855,176.2192786
67.15596277,175.6466902
67.1658594,182.6803524
67.1660564,162.8010639
67.16702152,186.354916
67.17035935,186.9887403
67.17202444,178.1527814
67.1722775,168.183015
67.17293183,165.0262845
67.174572,170.3025753
67.17471476,178.6749378
67.17476642,174.3566974
67.17791659,175.3521086
67.17823441,172.4696254
67.17889159,179.4444452
67.18004528,177.8216571
67.18093863,169.8294539
67.18845052,169.8908229
67.25284104,174.1750007
67.25332482,180.77978
67.25589414,165.2648086
67.25919794,181.6733542
67.25995282,186.3207972
67.26010358,163.3865127
67.26234188,167.0745967
67.26360484,193.2176727
67.26673585,178.6346845
67.32880104,189.2157901
67.33083088,181.4076793
67.38580918,171.0560827
67.39177377,174.658931
67.39264099,174.0309543
67.39322854,185.5565551
67.39334607,173.1274606
67.3942812,168.5207432
67.39601985,180.659638
67.39602078,144.2776711
67.39683425,178.3001966
67.40282109,192.6726758
67.40319666,199.6797149
67.40540788,164.5743913
67.40595053,158.7536285
67.40761496,162.8229424
67.41021397,178.8333614
67.41204603,195.4726639
67.41315186,168.634975
67.4142774,183.8392214
67.42124228,175.2139224
67.42549984,187.9526028
67.42751473,177.1153317
67.42796158,189.4042032
67.42890822,172.1120765
67.429827,188.4368378
67.42985418,175.1243663
67.43491395,158.4390494
67.43522768,159.8124724
67.43804695,173.23066
67.44445411,171.3806026
67.44504068,162.8445191
67.44508051,186.8388682
67.44514266,165.2742449
67.44596116,174.3793633
67.44841735,174.720312
67.44865627,170.5057487
67.44950107,192.5855608
67.45120933,177.8459883
67.45524588,192.8355933
67.51751984,157.9186188
67.52266055,172.8677266
67.52289087,179.0467126
67.52463932,174.3997304
67.52488915,177.0209058
67.52510551,180.0565494
67.52597275,175.4700212
67.53060627,167.6137769
67.53165705,164.0043528
67.53354038,180.2696932
67.53602809,177.0565155
67.53830877,181.8650443
67.54202278,168.7614795
67.54292838,166.3347966
67.54319205,169.8870392
67.54359718,187.3541591
67.54556979,195.8603245
67.54641807,159.557692
67.54676147,163.4952026
67.55322843,175.6588963
67.55332131,178.2477847
67.55419805,172.870347
67.55618322,200.779691
67.55914912,192.9577313
67.564457,168.5404165
67.56494159,156.1813399
67.56586373,178.3718337
67.5683852,186.0567292
67.58074728,186.9916067
67.58112659,180.8539356
67.59189464,174.4349914
67.59396229,173.8308701
67.59526881,163.1080022
67.5994242,177.7664258
67.6044185,179.3890112
67.60806653,178.8862048
67.61221973,190.4165036
67.6159545,185.579959
67.61638297,165.9559529
67.6185295,175.4365111
67.61884559,190.7408731
67.62427574,178.2330664
67.6284844,174.8654514
67.63532327,196.6247889
67.63696659,161.5441066
67.63746619,194.8270412
67.64198904,166.2634667
67.65278593,165.1037698
67.65554339,178.9159401
67.65689279,192.121524
67.65910955,171.7029461
67.66159283,172.0595559
67.6666641,193.0816469
67.6684485,193.3040688
67.67141355,174.7245343
67.67198445,182.0152255
67.67265267,169.810675
67.67287524,173.8074183
67.67514787,193.5865354
67.6758559,179.2992321
67.67864404,186.5043494
67.68008391,169.611562
67.68091903,177.2401455
67.68111645,179.1317338
67.68321858,192.1500419
67.68548994,178.5569228
67.68753064,177.909685
67.69430474,178.1591534
67.69710365,187.4238964
67.69845052,179.2870313
67.69910171,185.0067766
67.70035802,155.1625868
67.70078811,185.1482021
67.70167966,159.2865106
67.70487821,170.1364282
67.70533285,196.9332677
67.70560322,177.2569991
67.70943846,168.9198271
67.71839337,182.3613965
67.71981426,171.7319275
67.72149217,177.663756
67.72232032,175.6348774
67.72493598,180.0518562
67.72695642,164.9331081
67.72763125,175.209964
67.7282199,184.4684504
67.73008136,175.953797
67.73061112,194.1804446
67.73714618,166.3523353
67.74158927,165.6432833
67.74470694,176.2647355
67.74549287,179.5542134
67.74580388,197.9232477
67.74912968,171.8759027
67.75310024,172.6401397
67.75736067,186.0990159
67.76078743,178.8203402
67.76171315,191.544634
67.76859688,190.3202188
67.77378647,187.1636686
67.77487038,159.0888654
67.775743,174.0980119
67.77700873,179.7840841
67.77716819,179.864803
67.7782298,190.7307931
67.77967032,192.1997882
67.77991217,173.3879661
67.78265811,189.9096712
67.78633303,164.336269
67.78769383,190.5067956
67.78829641,180.0777922
67.78879933,173.6430404
67.78938051,186.1190374
67.79647715,189.6831513
67.79707321,171.2410167
67.79858033,184.716885
67.7998001,182.1932732
67.80204383,187.2898022
67.80360374,158.3472457
67.80901469,179.9344654
67.81025113,170.4578256
67.81908215,189.7203483
67.83000134,172.776569
67.83760801,185.7338021
67.83959025,169.4593059
67.83993094,166.1461086
67.84136251,179.6478444
67.8417924,192.741685
67.84616021,168.0670153
67.84774906,153.0313208
67.84866523,176.1726343
67.85145907,181.7188851
67.85653908,191.7103323
67.86273824,170.7950521
67.86431223,175.6027079
67.86474727,202.4410432
67.8676652,168.8175715
67.87176723,176.904596
67.87840172,152.8969648
67.88040722,177.2491464
67.88055919,175.222848
67.88188946,203.4548686
67.88200094,181.0462054
67.88451532,182.2263312
67.88564817,173.5989423
67.8860138,174.6520347
67.88884253,169.2502309
67.88908219,170.9302018
67.89020885,168.824927
67.89040521,162.9551733
67.89319634,162.0066518
67.89324169,188.6235493
67.89477655,178.177298
67.89481224,178.3272355
67.89928383,186.3812891
67.90087499,184.2074156
67.90152494,184.0596589
67.90243707,173.3975281
67.90334035,192.6516048
67.90361205,177.3525898
67.90442161,165.7639258
67.90470093,176.6324795
67.9059323,174.0867271
67.90676328,167.7261923
67.90758302,173.8980854
67.90799543,199.479458
67.91864565,183.5438014
67.91927928,196.4477023
67.91967138,179.2458831
67.92221313,177.0213348
67.92331063,173.3486462
67.92463364,161.6708278
67.92638532,168.6859864
67.9281355,183.4752201
67.93025973,174.3344686
67.9304599,178.9659638
67.93463453,166.4350688
67.93466159,182.6880222
67.93499042,182.2710213
67.93550704,207.6838649
67.93686881,188.8840968
67.94057835,191.3306528
67.94232746,169.9274968
67.94278509,185.0096096
67.94518308,176.9359552
67.94562981,183.7041775
67.95083753,178.702061
67.95292159,171.2171413
67.96293514,190.9647655
67.96433996,190.3635233
67.9644694,173.911384
67.96596781,176.9667279
67.96640648,186.6065519
67.96813278,194.9534527
67.96856544,192.0598736
67.97172099,166.31193
67.97335037,185.0250567
67.97433623,172.1355974
67.97467956,171.7254568
67.97996252,184.3748783
67.98961206,181.7825456
67.99189545,179.3905638
67.99211379,172.5155305
67.99285124,183.9580892
67.99731522,177.6198629
67.99745599,185.1235237
68.00008113,181.146042
68.00062599,177.6018026
68.00260444,193.9115247
68.0034638,186.3699527
68.005429,194.7541892
68.00799418,171.2220807
68.01529462,186.0944597
68.01907816,174.2651629
68.02041971,172.546901
68.02337428,169.7866967
68.02379965,180.1285324
68.02456916,185.4048519
68.02526048,160.08529
68.03290834,182.74196
68.03473112,170.6484093
68.03509529,162.1244315
68.03572388,172.4362088
68.03767646,178.1132529
68.04152768,185.1833394
68.04220601,169.4308523
68.04679597,177.123991
68.04853075,182.7558152
68.05002578,173.1962657
68.05445,177.0319067
68.05451905,182.2135249
68.05883702,187.7790754
68.06191397,189.3688237
68.06637804,170.9860127
68.06686658,187.0383447
68.06849494,171.0562905
68.07019014,169.3156865
68.07178728,172.7062583
68.07384912,185.5337581
68.07461976,176.9774255
68.07473589,187.3351368
68.08254615,162.5104693
68.08378211,194.1430492
68.08592074,187.3104819
68.08790389,170.1252448
68.08894311,173.8287649
68.08994144,178.4530134
68.09296485,169.936601
68.09675956,189.2663488
68.09887366,173.8962369
68.0993798,183.3126553
68.10111341,182.8523991
68.10362648,186.2108912
68.1047853,186.9080199
68.10600207,186.5825364
68.10610907,187.4200909
68.10845837,178.4611686
68.10921459,176.2611905
68.1110971,163.700812
68.11567166,167.8807205
68.11780897,171.7067826
68.11809783,180.0656094
68.12276836,196.4144153
68.12378181,182.7969335
68.12469153,186.9076616
68.12757693,175.6365382
68.13016807,194.9252711
68.13028842,192.0295666
68.13127094,175.0176496
68.13321027,191.588221
68.13842635,192.570363
68.13855088,187.0784656
68.14307845,188.1451421
68.14398254,167.2945421
68.1440328,192.3439766
68.14647366,192.1537013
68.15546647,179.2535701
68.15631187,177.0037601
68.15658922,181.0517424
68.16192501,170.4761269
68.16214653,183.2327118
68.16284382,176.7418313
68.16423277,191.8302347
68.16583681,173.4564553
68.16610633,197.1795704
68.16893555,200.0064378
68.1714042,174.873337
68.17396371,179.0703394
68.17630646,190.1327254
68.17919768,170.541401
68.17953269,169.7877681
68.18009307,172.962111
68.18073071,181.0560953
68.18615715,184.0952374
68.18616566,171.5283384
68.18809667,190.2684255
68.19301172,166.5211109
68.19420026,181.0284042
68.19879582,188.2023211
68.2076337,184.0279772
68.2112871,190.5842005
68.21137388,174.898717
68.21165696,196.0589978
68.21314448,168.1685042
68.2152298,183.1433826
68.22582277,175.6709786
68.22761459,174.7124319
68.23194853,176.5833168
68.23195393,195.2619903
68.23330381,181.6141111
68.23795231,173.2639743
68.23795419,184.2925605
68.24080155,163.6325161
68.24594409,193.277624
68.24844296,183.4542292
68.25183644,187.0605522
68.25348675,179.2521557
68.25414488,178.9296041
68.25635599,190.3903824
68.2566446,201.8681427
68.25856986,171.3503235
68.26001881,186.3045996
68.26273943,183.0789534
68.26710321,190.4694662
68.26791853,193.4650977
68.27104991,172.9412482
68.27419147,184.5193912
68.27535973,176.1790688
68.27549144,181.4544623
68.27778676,195.1899302
68.27884184,183.4290565
68.27902252,184.8139092
68.28008645,177.6301117
68.2807476,178.0623647
68.28100021,186.6776783
68.28416312,185.5375972
68.28642572,181.4048084
68.28704173,170.4136025
68.28763703,178.4325977
68.29264664,176.0071363
68.29577841,171.9167424
68.29951431,184.8400817
68.29955581,182.2333597
68.30102218,194.5460796
68.30283918,193.702694
68.30453594,203.2306515
68.30500073,181.1735588
68.30662533,178.6288814
68.30888615,188.8295918
68.30937446,171.3054651
68.31234188,169.7808397
68.31247832,184.5328659
68.31251969,186.1200024
68.31325793,175.2266486
68.31418833,174.2434883
68.31467564,186.6321853
68.31918688,173.7771864
68.32145287,206.4261469
68.33115009,197.7567703
68.33195769,204.6814307
68.33260484,195.8768153
68.34236491,187.6334634
68.3464565,178.6759921
68.35305665,189.7102099
68.35442896,184.598428
68.35616535,204.3588747
68.35948256,175.2608644
68.35981059,174.1982892
68.35987406,194.466166
68.36007218,176.4135007
68.3606064,187.9232913
68.36201272,188.7861666
68.36285847,189.2039245
68.36463488,193.9817476
68.36860332,196.9495064
68.36897984,187.9230525
68.37084286,195.1226278
68.37126964,185.5365586
68.37178369,188.4277984
68.37479525,184.6344135
68.3768267,189.4659427
68.37757989,168.9973239
68.37909795,179.6324907
68.37997614,188.7755365
68.3799963,190.5009395
68.38252163,191.5936244
68.38438688,168.1535612
68.3844491,178.3074953
68.38764886,179.6517586
68.38842703,180.7377607
68.39148324,181.6953354
68.395164,169.634399
68.39971912,171.3291085
68.40086738,182.2596137
68.40105513,202.8660922
68.40372617,206.0149398
68.4078482,177.1107388
68.41046282,185.1277355
68.41127477,184.1486543
68.41482047,179.8283438
68.41486506,188.997023
68.41525159,190.1282136
68.41565126,171.3212163
68.41676724,188.1177003
68.42215022,178.1714101
68.42358649,178.6200332
68.43166034,166.1145086
68.43957627,190.8156844
68.44444038,183.8184077
68.4449674,170.0464801
68.44574673,183.7833827
68.44619221,199.3828807
68.44757854,187.907426
68.44834863,191.8245966
68.45108413,166.8327987
68.45675437,185.5340211
68.45703503,183.5225201
68.50326101,193.9820595
68.50610095,164.4999186
68.50739707,167.8612982
68.50781172,183.5950587
68.50781491,200.8772795
68.50818615,183.6472483
68.5088512,191.3957589
68.50914917,199.8965586
68.51188934,175.4331058
68.51488725,169.1350738
68.51599909,192.1222427
68.56175073,172.1953637
68.56217931,190.3654723
68.56837467,179.7959681
68.5689594,185.9758251
68.57012544,192.3292822
68.57092912,192.6067167
68.57268425,189.1265817
68.57354246,199.4872712
68.5801273,196.419012
68.58137352,181.167061
68.58531497,191.0262439
68.58927044,173.5957961
68.59102121,178.9290427
68.59195403,196.1840053
68.59333554,176.9842511
68.59340514,187.4025309
68.59666269,180.8312378
68.60210042,191.9589002
68.60241271,186.965591
68.60379643,176.8154762
68.60584729,169.5481317
68.60820846,181.7248365
68.6087581,201.7819829
68.61092192,181.2305433
68.61211617,187.7391929
68.61581202,194.1208449
68.61738735,179.1320246
68.61811055,187.5068432
68.61863098,189.7021879
68.61948497,192.6056386
68.62406319,159.8624674
68.62659691,163.3874549
68.63079652,193.1288324
68.63976982,203.0058961
68.6426276,178.8167946
68.64301734,181.3717231
68.7489067,169.8274774
68.75379072,175.3679699
68.75389378,183.1734931
68.75899269,172.0941985
68.76124693,181.1259735
68.7634637,177.0833882
68.76377136,209.2814544
68.76436014,185.9347782
68.76848687,187.844857
68.76864464,187.706154
68.76890241,172.9809468
68.77246399,187.5508307
68.77498649,191.4764096
68.77985874,174.5793253
68.78387283,187.6354638
68.78471701,192.4078354
68.78713427,187.9527997
68.79120438,167.6704289
68.79287754,179.0865294
68.79298442,174.4894863
68.79306017,197.1149299
68.79538275,187.050906
68.79787905,186.8578388
68.8026918,184.7658113
68.80593452,174.2397082
68.80992256,186.9088165
68.81943046,184.7185032
68.82933377,195.1620421
68.83232712,172.2692766
68.83693336,183.6978268
68.83846286,179.9077169
68.84021056,181.5525586
68.84063351,171.9211499
68.84301209,153.4680504
68.84511687,187.0278285
68.84630982,174.8873671
68.84947966,189.7913412
68.84998861,193.7620992
68.85015225,187.5787042
68.85485671,196.7192842
68.85701105,176.6424219
68.86006247,177.1310522
68.8610815,199.2813114
68.8632082,201.7955042
68.86875033,178.8188277
68.87439619,183.4385392
68.87470662,191.8337092
68.87542383,199.994622
68.87855263,182.3090981
68.87912739,171.8504651
68.87917946,192.3450524
68.88371651,181.512004
68.88599177,164.2149026
68.88636675,197.6422437
68.88689528,175.9920181
68.89009494,194.6814346
68.89087213,176.1868417
68.89134571,191.8814035
68.89670607,196.4513123
68.89701917,196.1362692
68.90271401,191.8358247
68.9027232,175.4353024
68.9039419,175.4450634
68.90409885,194.6597698
68.90485109,195.4085511
68.90865204,185.0551325
68.90949129,184.6155357
68.91283093,180.823138
68.9128499,177.2358638
68.91425443,186.7145678
68.9146226,202.7377144
68.91521166,172.9303407
68.91623396,183.1092096
68.91631418,213.1431538
68.91678848,170.658318
68.91988117,189.9185711
68.92333665,193.9273604
68.92357386,186.4928981
68.9253586,191.065683
68.92871668,167.4155489
68.92967211,180.8264574
68.93034945,187.8013369
68.93179524,182.3642953
68.93342613,199.6329351
68.93867924,178.2093014
68.93958288,185.7787464
68.94003925,171.9103352
68.94985775,196.0356898
68.9505703,177.0231893
68.95308194,180.4822588
68.95528009,207.744486
68.95533491,193.8284447
68.9555251,204.4275103
68.9574386,182.1925128
68.96121634,191.3541797
68.96188761,184.0257013
68.96405081,192.8583358
68.96722477,175.5521238
68.9686796,177.809028
68.97041418,173.2923443
68.97342283,159.2852282
68.97394183,182.3122087
68.9744814,192.12988
68.97780263,190.1486823
68.97979381,195.1221475
68.98171886,164.7213074
68.98555395,186.3419021
68.98883524,186.035697
68.99207862,186.0256649
68.99299407,166.7952092
68.99360052,188.7756219
68.99432784,199.7824007
68.99510717,182.8981169
68.99565852,192.5131646
68.99710986,186.635313
68.99844693,181.9413181
68.99960756,171.4094652
69.00153742,211.1248252
69.00216528,188.3308958
69.00738999,170.1715714
69.00742248,185.879498
69.01021935,208.5361952
69.01064169,177.5868284
69.01116064,191.0267435
69.01202847,182.6866843
69.01265725,196.3225311
69.0173776,191.8136736
69.02051305,177.9523822
69.02190109,198.6229896
69.02297414,187.5686902
69.02647455,198.0143768
69.02650105,180.7027514
69.02891597,174.4799351
69.03049142,183.8520382
69.03106285,170.3101222
69.03182552,188.2585986
69.0340651,183.557049
69.03575752,190.214008
69.0395225,192.0924492
69.04314598,178.1848175
69.04386662,181.377015
69.0442107,184.0399805
69.04805815,187.4681624
69.05063819,191.5222749
69.05083978,198.3717943
69.05262823,194.6809018
69.05392406,171.7759835
69.05456976,181.3603512
69.05507084,176.1418938
69.0557467,204.2587507
69.05888454,171.7089263
69.0613821,172.0352395
69.06413056,176.3552112
69.0676816,194.8220869
69.06808803,183.5816586
69.06903607,198.7721907
69.07449203,179.3868167
69.07617117,197.4882426
69.07643561,173.3632677
69.0775775,188.259135
69.07870673,204.2448734
69.08057727,176.5561446
69.08066651,174.3910884
69.08145675,176.8676042
69.0848968,189.8567859
69.08579382,194.6431782
69.08886459,196.7387093
69.08963143,184.4351744
69.09056319,189.213646
69.09620299,180.7801748
69.10198331,194.581051
69.10259471,192.4337339
69.10449851,183.4046858
69.10584625,190.2139872
69.10689826,191.1488079
69.10691697,188.2451032
69.10919144,176.045407
69.11382842,184.3380819
69.1146318,188.7172726
69.11765738,197.4918021
69.11804525,203.5966954
69.11983055,176.6659592
69.12158687,192.3736519
69.12835663,184.1422808
69.12951212,206.8389053
69.13003825,179.0063335
69.13169187,167.8257649
69.1344005,196.3303116
69.13726936,196.5523243
69.13768335,188.6300736
69.13988022,181.7561303
69.14227294,175.8324466
69.14284881,186.8569679
69.14577478,184.4878335
69.14853316,190.345611
69.15310229,201.9940301
69.15689413,190.6955328
69.15719151,185.4144354
69.15777785,177.7239791
69.1583443,155.3240293
69.16140409,175.2969694
69.16223083,179.8177682
69.16246988,190.8490701
69.16345307,189.1468614
69.16929082,186.3062988
69.16948417,181.8159215
69.17056139,173.8479257
69.17631615,196.6053016
69.17985762,192.0143354
69.1801611,205.1836213
69.18482947,201.1221901
69.1938714,182.4276164
69.19529846,201.3036955
69.19698265,194.2577478
69.19754794,191.5423289
69.20149328,176.2208696
69.20157812,188.1035061
69.201759,185.258335
69.20342853,186.3937623
69.20634844,196.2687078
69.20766611,186.1774738
69.20806784,184.9292931
69.20824107,188.3848819
69.21041304,187.6248203
69.2112071,183.0966242
69.21201113,181.2140726
69.21277722,188.9476254
69.21363249,205.6994606
69.21387398,201.5277531
69.21763371,197.3559951
69.21820494,189.1995012
69.22066833,168.5215667
69.22411519,167.7382482
69.22708106,185.9160215
69.22921912,177.5926996
69.22967912,195.2186397
69.23146868,173.829606
69.23425086,193.071009
69.23640106,202.2032307
69.23782869,159.2448862
69.23783198,178.3366036
69.23842719,197.4120914
69.24164203,192.100036
69.24254056,189.6278521
69.24901281,187.4693714
69.25071385,196.1411445
69.25077579,176.2517449
69.25237481,192.4088967
69.25855435,184.6541279
69.26202914,162.2882362
69.26275904,206.7335309
69.26367868,196.3757818
69.26982929,175.0468418
69.28213781,177.804321
69.28424016,206.332545
69.28503609,206.883393
69.2854625,197.1945475
69.28950996,184.5956083
69.28988558,179.5618638
69.29416757,189.4633636
69.29491215,198.9560766
69.29593206,172.346493
69.29682996,185.6490863
69.30053044,202.8387007
69.3049776,193.5296063
69.30812678,195.1764764
69.30840288,198.3786936
69.30950273,191.4150254
69.31290864,190.1851469
69.31943753,172.4550996
69.32130537,194.3300031
69.32222398,206.0778851
69.32231674,208.9849709
69.32485803,193.2792655
69.32588186,218.906557
69.32618896,177.3635878
69.32693214,212.2892974
69.32960288,180.3588433
69.33034652,194.8273906
69.33180013,182.1232502
69.33682153,184.1194153
69.33697763,180.2395165
69.33966738,181.904824
69.33978054,193.0413635
69.34236641,197.2179398
69.34260763,186.206275
69.34345396,208.8097753
69.34647389,181.8515844
69.34749201,180.2857082
69.34761746,185.667026
69.3493931,184.3160882
69.35183224,174.3595987
69.35331975,194.4505572
69.35342667,180.5205798
69.35610868,185.9166419
69.35749107,187.40143
69.35797636,200.9419157
69.35945795,185.2848072
69.36856184,182.0932794
69.37071992,175.9371484
69.37117826,191.4057111
69.37184333,173.4301696
69.37532434,204.9735469
69.37565771,196.2250857
69.37803726,212.0170256
69.38099479,199.85092
69.38201738,198.8500852
69.3830474,200.5666591
69.38466094,198.5166066
69.38506253,194.6154579
69.38748642,210.485106
69.38873246,194.2304276
69.39489622,192.7085029
69.39964952,189.9399079
69.41066208,180.7182577
69.41734033,195.3063599
69.41991234,185.3591296
69.42534002,188.7794498
69.42601731,176.1934298
69.42761166,196.2496978
69.42855741,169.5746208
69.43099805,172.3258812
69.4312592,200.2184902
69.43201946,200.3412722
69.43402914,214.5883172
69.43764789,195.4473861
69.43986047,169.4965109
69.44033828,202.3082973
69.44075394,184.4360029
69.44230008,174.8857285
69.44325517,197.6456451
69.44571478,178.6755991
69.44639071,198.8278171
69.44720978,190.4477008
69.45337621,219.2617067
69.45413595,194.8206675
69.45425047,205.5505681
69.46082632,202.9705011
69.46271544,179.6979185
69.46944682,202.6498235
69.47030447,183.2956063
69.47309637,187.1209452
69.47458176,177.3439177
69.47507618,183.1248016
69.47560828,203.0212824
69.47615015,209.1775806
69.48171427,206.824928
69.48456292,188.8552055
69.4862874,199.5341313
69.48924667,187.8432533
69.49493766,188.41922
69.49605945,203.3539004
69.50364737,198.7218435
69.50423744,188.6651449
69.50818174,200.2424787
69.509488,203.9854155
69.50985237,193.2231968
69.51146903,198.9559462
69.51303554,177.2015528
69.51460351,174.2150014
69.51564045,189.4250725
69.51565854,185.348837
69.51843618,189.6174538
69.52410031,184.1097302
69.52494396,170.0371863
69.52555131,189.7073988
69.52731972,189.0273679
69.52967117,187.5336747
69.53394499,175.818975
69.53868436,189.5331697
69.54169685,182.8164216
69.54380039,207.8748388
69.54610867,181.6716508
69.54951057,199.1938148
69.55200509,198.0795237
69.55204142,186.9023127
69.55326838,183.7510973
69.5533849,210.871799
69.55476188,192.1816687
69.55905319,188.2412257
69.5595272,197.188228
69.5600329,187.4915007
69.56022893,187.2174859
69.56129654,199.4943358
69.56316421,168.6667359
69.5659947,203.21593
69.56662234,187.4689869
69.56676714,175.4485947
69.56867239,200.7040517
69.56923538,182.8665632
69.56934704,199.8292821
69.56977967,182.7948442
69.5732598,191.5471767
69.57359157,165.7847424
69.57657185,192.4663555
69.57691046,182.8887134
69.57720237,204.1641255
69.57803008,195.322675
69.57823897,184.2198182
69.57909023,194.0945611
69.58211124,193.3671981
69.58244383,199.2678611
69.59117983,197.3631295
69.59247919,181.6168367
69.59294259,187.8630711
69.59482623,191.525965
69.59855127,186.898569
69.59877695,173.9221304
69.59979495,208.9487746
69.60482757,191.0334196
69.60588259,187.5319002
69.6062252,194.2007119
69.60643732,184.6441568
69.60829847,181.5586034
69.61140326,170.2961967
69.61178285,193.6353663
69.61299015,184.1984519
69.61340383,188.8687778
69.61776378,180.506932
69.61845195,189.5849573
69.62454975,171.3966631
69.62855658,206.0172567
69.6329393,200.5626132
69.63316169,189.6515572
69.63396978,200.3428137
69.63452662,175.3908251
69.63718944,205.2971055
69.63973762,190.251042
69.64146477,191.3637747
69.64190618,182.0045223
69.64340765,195.0337005
69.64966065,211.9147484
69.65496531,189.6098581
69.65651121,182.9422925
69.65975352,209.5204246
69.66372523,177.2009288
69.66475174,176.2592744
69.66596359,182.3872471
69.67261869,203.0382183
69.67436795,192.0916777
69.67461416,177.5980091
69.67481848,194.4555936
69.6791497,203.3170123
69.68208839,187.5760516
69.68364342,188.1521677
69.68445763,201.6257247
69.68548314,181.9367014
69.68984844,186.3774477
69.68991347,177.9888162
69.69168913,190.1458649
69.69340801,201.481472
69.69960377,182.7008136
69.70163764,181.2198802
69.70166848,197.3504893
69.70225751,177.1490913
69.71017624,184.0559588
69.71391864,185.1312229
69.71655373,181.9428902
69.71713796,201.4713307
69.72369684,188.2495053
69.72685973,191.2117662
69.72688521,188.4537597
69.7288049,203.895655
69.7297502,205.2287064
69.73101343,197.6395496
69.73112843,202.7071024
69.73544217,196.218174
69.74035772,181.152035
69.74123964,206.6364402
69.74148135,176.9958168
69.74159588,183.6769019
69.74491521,197.655268
69.74653076,195.5265686
69.74866358,195.2413161
69.75003243,204.179761
69.75510695,180.1676129
69.75700667,181.1550934
69.75963807,196.7313716
69.76009479,187.8120619
69.7621679,187.1168178
69.76430086,196.0145851
69.76508744,199.0264276
69.76784563,194.6040613
69.76865284,199.6728427
69.76886219,186.3328433
69.7695676,197.8283576
69.76960444,188.8441724
69.77066855,169.749522
69.77668671,203.4551053
69.78016415,191.9591286
69.78353199,180.1372892
69.78963253,192.4383247
69.79008942,194.4007354
69.79388789,181.7231932
69.80157523,203.2583751
69.805581,208.4352232
69.81029132,199.681981
69.81202171,188.0649839
69.81272464,196.6131438
69.82350388,189.8086025
69.82731011,200.2320206
69.82746419,196.930792
69.82844926,195.9790196
69.83297043,196.3477833
69.83697663,186.2839251
69.8416671,188.5122329
69.84245458,174.2134044
69.8442052,195.8926709
69.84456408,198.6302782
69.84542205,178.6740444
69.85602232,207.9166862
69.85933144,202.8059751
69.86074638,198.3218281
69.86119695,179.6624965
69.86205653,191.913025
69.86896981,201.8370426
69.87037642,200.3666302
69.88530113,185.729441
69.88955858,203.5183265
69.88973762,203.3908008
69.89315067,200.1206742
69.89326863,196.0756369
69.89355833,190.1008364
69.89562407,200.1203609
69.89595731,181.4481349
69.89808607,195.7589355
69.9027564,177.7129666
69.90708058,183.2808067
69.90942164,198.9994082
69.91053458,181.5911787
69.91509254,196.4295427
69.92222458,183.779096
69.92371421,207.074913
69.92414675,185.8665843
69.92437463,211.7400006
69.92623668,197.0024525
69.92624123,204.8756917
69.92970576,199.7216237
69.93271019,185.4290223
69.93619073,187.7287575
69.93644733,177.3817664
69.93847526,170.1758538
69.93858695,204.1811869
69.94097302,180.4734578
69.94155395,187.4036005
69.94407979,196.1781013
69.94425057,172.8988503
69.94498603,182.3462185
69.94763631,188.3149697
69.94810278,196.4737536
69.9554512,201.9480853
69.95734172,191.4955265
69.95871907,188.7873609
69.96052189,199.8168098
69.96281114,189.0227457
69.96391207,191.0654475
69.9667996,189.8386177
69.96988584,203.2756946
69.97115673,195.2372156
69.97639739,197.9161593
69.98189155,193.7185875
69.9822195,178.3484391
69.98234409,176.4649261
69.98313746,206.4144118
69.98440497,192.1441105
69.98995301,208.1077828
69.99009839,206.660949
69.99335377,185.6781018
69.99428992,212.0569807
69.99666269,196.507741
69.99746382,198.8175082
70.00488668,187.71678
70.00897326,184.0617957
70.01336535,209.5264998
70.01377974,184.3745036
70.01893031,201.2131677
70.01950469,196.2503316
70.02011248,182.564518
70.02080933,208.6097832
70.0240514,197.2553766
70.02471448,189.9119646
70.02604895,193.0897366
70.02605946,200.9174543
70.02684189,186.3587022
70.02886944,198.0959716
70.03000953,208.2727386
70.03048877,196.0183367
70.03076215,205.8477836
70.03144065,197.6927564
70.03482109,174.3248392
70.03504268,193.7754773
70.03506834,181.3247792
70.03711499,175.9780798
70.03715822,199.4991242
70.03776116,190.7153681
70.04064053,199.0376791
70.04141692,201.5464245
70.04706551,179.7234884
70.04866729,204.7794993
70.04970229,176.5893792
70.05099011,184.8335198
70.05251067,194.9741159
70.05300801,186.5860278
70.05933098,225.014368
70.06209615,184.5051828
70.06416769,197.1782227
70.06468847,192.045218
70.07118369,188.2629958
70.07459632,176.6122603
70.07731509,216.6242072
70.08043998,203.1596596
70.09042051,173.8084216
70.09493507,196.6392662
70.09954493,181.9560015
70.10478626,188.9223032
70.10785175,199.4514313
70.10899043,184.1354362
70.10982958,219.8576105
70.11469362,216.9465466
70.11514441,189.532927
70.11697013,209.9759929
70.12003003,192.5539562
70.1203784,182.4174166
70.12349564,186.7590155
70.12788739,192.0811314
70.13526573,186.1084084
70.13694723,192.7821537
70.14231466,175.1804902
70.14476291,194.8313955
70.14487407,190.5853768
70.15196588,203.7344808
70.15601265,185.2578227
70.15639974,189.5090154
70.15827765,200.5341783
70.17117561,207.7765473
70.17147875,192.3478359
70.17260936,192.63163
70.17429461,201.7130324
70.17830705,198.3676122
70.18258976,213.6760543
70.18354989,201.0719181
70.18487721,189.9158723
70.18535205,197.8845071
70.18570099,188.5293966
70.18595092,188.0013942
70.18784931,194.4002484
70.18999922,195.7178851
70.19076916,181.320106
70.19122448,205.9417907
70.19658029,194.6991935
70.1969204,214.0044377
70.20188967,192.5280568
70.20408128,199.7040627
70.20434795,176.6590896
70.20780173,194.2055226
70.2091372,193.953121
70.20938243,198.6416362
70.21337543,197.5000192
70.21362908,189.6582738
70.21494716,192.8774853
70.22164729,203.9953168
70.22277824,185.9450077
70.225252,191.7090668
70.23041113,207.4128337
70.23272595,184.0251306
70.23598436,196.4614135
70.24281599,198.1999576
70.24286617,192.7961126
70.2450922,193.0120517
70.24665423,187.6556988
70.2475311,190.8829373
70.24836011,202.921364
70.25103704,190.6540902
70.25353368,208.0638903
70.25484698,213.9030628
70.26575614,192.6893816
70.26935973,192.3070268
70.27258232,188.9165791
70.27382154,185.7183814
70.27553366,211.7162538
70.27758963,198.7285226
70.28008648,186.9222837
70.28027169,203.4651918
70.2806923,187.2586923
70.28116225,211.5794961
70.28405602,183.7898926
70.28737622,203.531509
70.28858236,195.9178731
70.29135418,207.5085426
70.29338742,189.2492063
70.29443985,183.8239454
70.29481492,191.9866127
70.29958539,213.4725743
70.30017896,196.5850577
70.30410424,196.190623
70.30416327,196.8350517
70.31506637,181.7894088
70.31600971,201.5106881
70.31684922,205.5218858
70.3198276,190.0478797
70.32255001,190.4617768
70.3234921,183.8217877
70.32349325,186.0655322
70.32475344,193.3465603
70.32711641,192.4971609
70.32909362,209.5852922
70.33021348,185.5887401
70.33413574,187.2478475
70.3362271,214.2258856
70.34093646,199.1334267
70.34105811,206.2354701
70.3439986,177.4732819
70.34610444,197.6833194
70.3476017,190.8175134
70.34949975,195.9714769
70.35187988,198.9030119
70.35199759,187.8204731
70.3524998,185.8645946
70.35461686,202.0349553
70.35616623,185.0245076
70.35852191,201.6018122
70.3585576,183.3837722
70.36513772,206.5795246
70.36539263,185.2971151
70.36731416,202.5715802
70.37112335,197.3824157
70.37207446,192.0782512
70.37498462,179.3742137
70.37853898,207.7954078
70.37860781,193.9450869
70.37993201,189.7170543
70.38183211,197.4315108
70.38774653,181.0023589
70.38792495,176.0648702
70.38808605,206.9027268
70.38920071,178.8513483
70.39687903,199.9852019
70.39987429,203.5371948
70.40092889,192.9035151
70.4024782,175.6729628
70.4036733,188.5944082
70.4044365,193.8567694
70.40472368,195.4227106
70.4094368,206.3469387
70.41386903,184.2326617
70.41445819,185.157334
70.41492125,192.6830615
70.4179703,190.3244396
70.41808724,189.5794725
70.41895734,201.6730831
70.41995611,188.2429823
70.42118366,205.4654812
70.42473053,197.9075211
70.42847374,199.1441775
70.43358799,199.0683975
70.43475028,189.9065838
70.43570141,186.8091992
70.43634738,196.1755535
70.43717697,200.2047343
70.4389286,197.1775885
70.43922148,194.0961313
70.44016167,214.1725121
70.44071308,225.7975247
70.4417673,194.9017702
70.44887435,206.4997442
70.45158502,182.8562129
70.45162427,200.9427227
70.45214074,188.0988373
70.45499146,190.8249379
70.45563306,192.527905
70.45629855,187.5181408
70.4599451,199.1835333
70.46431845,203.2584802
70.46445649,189.626283
70.47367765,199.356144
70.47481471,193.6474561
70.47512584,193.8573561
70.47554358,197.8947574
70.47650533,197.0291787
70.47831481,192.7934602
70.48162382,194.1617823
70.48223089,215.4875718
70.48328834,190.5220374
70.48564317,193.359947
70.48574878,196.5411775
70.48962054,188.798293
70.49052137,208.7648975
70.49137249,203.2850351
70.49568211,203.907422
70.5013682,180.1353244
70.50592738,206.4409425
70.50596537,214.269414
70.50979425,191.3571188
70.51041016,174.8848844
70.51323065,205.7253839
70.51851509,199.568441
70.51884172,202.4685999
70.52322452,207.5328385
70.5240492,193.0946875
70.53117466,176.9930779
70.53420182,181.8551974
70.53466725,203.7632915
70.54220142,210.1988449
70.54239278,197.0418585
70.54264101,185.4698808
70.54598058,195.1792696
70.54927972,191.3188108
70.55500396,192.2607453
70.55512567,205.989402
70.55733811,204.2802027
70.56218873,181.1863709
70.56496693,180.4762871
70.56606384,205.0526852
70.56945509,185.9639951
70.57876021,192.5032068
70.58261033,206.4257483
70.58468352,205.7078774
70.59372691,217.6441493
70.59577771,197.3145641
70.59838073,195.543445
70.60240884,216.5111478
70.60576101,197.3412472
70.60609222,197.8546735
70.60702552,183.5773805
70.61316241,187.4720235
70.61624345,198.3877525
70.62675272,196.4159832
70.62786979,185.2469766
70.63945057,210.7982626
70.6399789,189.80977
70.64280292,187.5065664
70.64357719,180.6688738
70.64519081,204.8682907
70.64713915,207.5564082
70.64751415,201.2655905
70.65443879,184.3836032
70.65523058,195.4418631
70.66199203,217.9518826
70.66233952,189.1397057
70.67451735,193.5591924
70.67820774,205.8172958
70.67837617,203.2746331
70.67969103,206.1198392
70.68039627,199.5086562
70.68104374,195.9858981
70.68624745,194.9436551
70.68894333,186.7923627
70.69342426,184.9419493
70.69376117,194.2306129
70.69500104,192.0257859
70.69801207,187.0184584
70.69878995,189.9854788
70.69889553,187.3681933
70.70409374,202.9105993
70.70807508,198.7591266
70.71040603,197.0608841
70.7124153,182.0457201
70.71371409,208.7104386
70.7152956,209.1614742
70.71675037,176.9550632
70.72250534,198.1211834
70.72429207,197.3612466
70.73206043,197.8118822
70.74308255,201.1293822
70.75078014,212.6476666
70.75080521,196.2966435
70.75219758,206.3783655
70.76279566,196.7652611
70.76919327,195.3530575
70.77035713,197.3326127
70.77216453,204.4395403
70.77315142,208.2235661
70.77445907,192.1248473
70.77641476,203.2411923
70.7796703,193.7599323
70.78164251,209.5119129
70.78628981,211.2160809
70.78669502,194.6955725
70.79430255,202.8907578
70.79827074,198.3880008
70.7986267,195.8758394
70.80193026,193.3935426
70.80320122,191.9477997
70.80955947,181.5636902
70.80982653,203.9784177
70.81126171,201.2242771
70.81199997,196.2211135
70.81389001,196.3480292
70.82085671,206.0329778
70.82143149,194.327152
70.82191668,184.4476667
70.82464272,184.5166876
70.82738258,197.9253539
70.83048067,204.697662
70.836938,215.9469988
70.83715856,201.4034024
70.84406242,195.937015
70.8468214,196.30631
70.85092011,185.3515329
70.85237854,221.0532279
70.85695017,197.727299
70.85779432,199.9663875
70.85793198,187.1053638
70.85919069,184.4932506
70.85934683,190.7991898
70.86268806,209.759114
70.86581545,201.511538
70.86880751,199.5086544
70.86980492,205.8639345
70.87281146,179.3685297
70.87479153,219.8012406
70.87666684,209.2402536
70.87698711,218.2315386
70.87704813,186.3398244
70.87782625,192.3495218
70.8786331,194.0739746
70.87946725,186.270383
70.88160814,181.9888564
70.88410877,190.554244
70.88466566,191.8880429
70.88748661,182.8879477
70.88968435,195.7730753
70.89117344,182.2837059
70.89251934,201.4180366
70.89388978,194.6871008
70.9014608,200.4662815
70.90374445,199.3623525
70.91346856,205.3767366
70.91655179,191.883267
71.16724587,206.9429818
71.16944715,195.3305956
71.17058747,185.0517288
71.17115346,213.4572326
71.17286856,193.7200436
71.17416258,209.2163209
71.17481376,185.212105
71.17657121,204.4759232
71.17708259,205.619481
71.18238327,204.6574036
71.18455764,200.8371009
71.18791145,192.9692761
71.18938408,202.7827357
71.19220229,196.0615292
71.19296145,206.1961801
71.19831618,183.6372838
71.20661874,193.74326
71.20856581,204.242177
71.21207602,198.0455483
71.21592367,198.1984641
71.22017787,210.4565046
71.22176347,204.3599175
71.22182822,200.7084673
71.22362744,209.7335388
71.22570192,199.182763
71.22952896,182.8087315
71.23022846,212.7528555
71.23093151,198.0665081
71.23403578,200.7798984
71.23796819,208.4940808
71.24291865,220.2618902
71.24311166,192.017261
71.25062398,209.4821247
71.2529856,204.6554938
71.25353511,205.3539273
71.25361488,193.8295644
71.26893074,189.3074613
71.27332641,209.1129982
71.27670183,205.1761096
71.27924281,192.675508
71.28033023,217.9035994
71.28373588,211.6275377
71.28884387,190.0779984
71.29197599,187.9647206
71.29393137,202.9447711
71.30022153,189.7945349
71.30122283,224.3575325
71.30417573,192.8470994
71.3057143,196.9727172
71.31698775,199.1576945
71.31765101,198.752471
71.31843409,211.9833444
71.31942806,210.2705685
71.32147602,192.9478736
71.32700107,206.3851911
71.3296991,210.6644982
71.32989784,196.6198197
71.33006448,205.8153584
71.33392078,221.1220336
71.33782073,199.7415595
71.35078258,213.3133192
71.35220123,207.8915092
71.35320878,209.3098801
71.35590219,203.3763539
71.35662808,211.3956386
71.35821063,195.9370728
71.35947191,197.4726556
71.36206501,189.1567913
71.36359491,212.5948655
71.36636548,199.8815852
71.36889076,205.2169218
71.36999006,214.2835788
71.37001282,205.5385013
71.38031123,217.3684879
71.38257685,205.5457947
71.3870199,198.8226474
71.39146448,197.3070586
71.40146573,202.5392177
71.40318222,198.7597927
71.40596471,216.9232912
71.40815221,208.0593736
71.41075432,189.2048025
71.41147486,210.4306105
71.41433682,192.5735455
71.41846589,179.8639023
71.41954174,199.6674828
71.42714388,215.1549854
71.42757519,201.8428087
71.42909695,205.7036291
71.43330454,196.380704
71.43425195,199.4379227
71.6055731,194.9325685
71.60824883,210.325952
71.61408945,206.1634325
71.61500072,208.6718719
71.61782407,201.679352
71.6222662,194.4192298
71.62309757,220.3371555
71.62409543,193.3659139
71.6256009,179.7539438
71.62967826,201.5038128
71.63540703,211.6078614
71.6355007,200.7553203
71.63882142,196.4201703
71.64441882,190.0632856
71.64834487,211.2403332
71.6499171,200.6771639
71.65152428,184.9818143
71.65370339,203.5601772
71.65617546,202.5307652
71.6576596,204.4262556
71.66855705,189.3928413
71.66933582,208.3355069
71.6712553,213.1058271
71.67636717,200.206207
71.67805468,200.8960479
71.67843022,206.4017808
71.67929496,215.8751493
71.68034778,214.2592859
71.68739158,203.5618459
71.68752674,202.8215431
71.69086893,188.6563354
71.69353054,206.9407262
71.69388059,196.726282
71.69548249,197.3756657
71.69717714,212.5090614
71.7023601,214.7876983
71.7023898,199.9461546
71.70357731,207.1105722
71.70421757,202.9951328
71.7052725,202.6090083
71.70930757,205.6484492
71.71112479,199.080779
71.71367459,193.1089465
71.71587,190.9943108
71.72061161,211.0075801
71.72349062,202.2682774
71.72906048,188.595024
71.72961129,203.6212077
71.73234272,198.6359763
71.74367486,197.9368321
71.75142255,215.9353939
71.75812504,211.7374418
71.75999093,211.4808535
72.13277787,184.1471888
72.13654594,214.5365688
72.14585181,191.8741693
72.15209384,181.2436481
72.153511,196.538474
72.16154497,188.9133324
72.16575666,204.5774363
72.169391,204.9855117
72.16981015,199.0395678
72.17270912,209.0708634
72.17407836,186.1888419
72.88170697,194.1995089
72.90065123,222.5090549
72.90681755,212.7990405
72.92136714,213.9244864
72.92187099,209.7487989
72.92397009,204.2202091
72.93363933,224.3050792
72.93973647,199.0951714
72.95489543,214.5117606
72.96222705,207.5014555
72.96588002,202.6248928
72.97226337,204.4917906
72.97521006,218.5728016
72.97945059,202.1767836
72.98322094,224.3725199
72.9909156,205.64992
72.99329715,190.9041484
73.03580691,196.6550119
73.03718383,211.7208568
73.03840861,209.4753881
74.60466805,249.9462832
74.63382727,213.0690422
74.65054027,213.3205204
74.66919682,227.4603038
74.67043476,207.9080616
74.6774709,218.8450257
74.68636681,224.630424
77.54718634,242.0411726
78.09586747,255.6908348
78.46205292,227.3425649
78.62137397,245.7337827
